ex_name,ex_version,ex_prompt_version,ex_number,timestamp,index,time,config_name,config_label,config_deployment,config_api_version,config_temperature,config_max_tokens,config_n_responses,config_stop,config_top_p,config_top_k,fact,measures,dependencies,node_tp,node_fp,node_fn,edges_tp,edges_fn,edges_fp,edges_precision,edges_recall,edges_f1,nodes_tp,nodes_fn,nodes_fp,nodes_precision,nodes_recall,nodes_f1,errors_dependencies_reversed,errors_dependencies_missing,errors_dependencies_extra,errors_measures_missing,errors_measures_extra,errors_fact_incorrect,errors_fact_false_fact,errors_attributes_shared_missing,errors_attributes_shared_extra,errors_attributes_shared_with_fact_root_missing,errors_attributes_shared_with_fact_root_extra,errors_miscellaneous_extra_disconnected_components,errors_miscellaneous_extra_tags
exercise-3,demand,rq5,3,2025-08-21T18-36-51,1,114.7821,falcon-3-10B-inst-hf,falcon3-10,,,0.2,,,,0.9,,PURCHASE,"['amount', 'exchange']","[{'from': 'store', 'to': 'storeName', 'label': 'tp'}, {'from': 'store', 'to': 'storeAddress', 'label': 'tp'}, {'from': 'store', 'to': 'storeType', 'label': 'tp'}, {'from': 'store', 'to': 'country', 'label': 'tp'}, {'from': 'country', 'to': 'area', 'label': 'tp'}, {'from': 'creditCard', 'to': 'creditCardType', 'label': 'tp'}, {'from': 'creditCard', 'to': 'holder', 'label': 'tp'}, {'from': 'creditCard', 'to': 'expirationDate', 'label': 'fp'}, {'from': 'creditCard', 'to': 'creditLimit', 'label': 'tp'}, {'from': 'creditCardType', 'to': 'circuit', 'label': 'tp'}, {'from': 'creditCardType', 'to': 'issuingBank', 'label': 'tp'}, {'from': 'issuingBank', 'to': 'issuingBankAddress', 'label': 'tp'}, {'from': 'issuingBank', 'to': 'issuingBankCountry', 'label': 'fp'}, {'from': 'issuingBank', 'to': 'creditCardName', 'label': 'fp'}, {'from': 'issuingBank', 'to': 'color', 'label': 'fp'}, {'from': 'holder', 'to': 'firstName', 'label': 'tp'}, {'from': 'holder', 'to': 'lastName', 'label': 'tp'}, {'from': 'holder', 'to': 'age', 'label': 'tp'}, {'from': 'holder', 'to': 'job', 'label': 'tp'}, {'from': 'holder', 'to': 'incomeRange', 'label': 'tp'}, {'from': 'PURCHASE', 'to': 'amount', 'label': 'tp'}, {'from': 'PURCHASE', 'to': 'exchange', 'label': 'tp'}, {'from': 'PURCHASE', 'to': 'store', 'label': 'tp'}, {'from': 'PURCHASE', 'to': 'creditCard', 'label': 'tp'}, {'from': 'PURCHASE', 'to': 'date', 'label': 'tp'}]","['creditcard', 'lastname', 'issuingbankaddress', 'storeaddress', 'storename', 'creditlimit', 'purchase', 'issuingbank', 'area', 'circuit', 'job', 'incomerange', 'holder', 'amount', 'creditcardtype', 'date', 'store', 'firstname', 'age', 'storetype', 'exchange', 'creditcardname', 'country', 'color']","['expirationdate', 'issuingbankcountry']",[],21,4,4,0.84,0.84,0.84,24,0,2,0.9231,1.0,0.96,0,4,4,0,0,False,0,2,0,2,0,0,False
exercise-3,demand,rq5,3,2025-08-21T18-42-36,1,114.9112,falcon-3-10B-inst-hf,falcon3-10,,,0.2,,,,0.9,,PURCHASE,"['amount', 'exchange']","[{'from': 'store', 'to': 'storeName', 'label': 'tp'}, {'from': 'store', 'to': 'storeAddress', 'label': 'tp'}, {'from': 'store', 'to': 'storeType', 'label': 'tp'}, {'from': 'store', 'to': 'country', 'label': 'tp'}, {'from': 'store', 'to': 'area', 'label': 'fp'}, {'from': 'creditCard', 'to': 'creditCardType', 'label': 'tp'}, {'from': 'creditCard', 'to': 'creditCardHolder', 'label': 'fp'}, {'from': 'creditCard', 'to': 'creditCardExpirationDate', 'label': 'fp'}, {'from': 'creditCard', 'to': 'creditCardCreditLimit', 'label': 'fp'}, {'from': 'creditCardType', 'to': 'circuit', 'label': 'tp'}, {'from': 'creditCardType', 'to': 'issuingBank', 'label': 'tp'}, {'from': 'issuingBank', 'to': 'issuingBankAddress', 'label': 'tp'}, {'from': 'issuingBank', 'to': 'issuingBankCountry', 'label': 'fp'}, {'from': 'creditCardType', 'to': 'creditCardName', 'label': 'tp'}, {'from': 'creditCardType', 'to': 'color', 'label': 'tp'}, {'from': 'creditCardHolder', 'to': 'firstName', 'label': 'fp'}, {'from': 'creditCardHolder', 'to': 'lastName', 'label': 'fp'}, {'from': 'creditCardHolder', 'to': 'age', 'label': 'fp'}, {'from': 'creditCardHolder', 'to': 'job', 'label': 'fp'}, {'from': 'creditCardHolder', 'to': 'incomeRange', 'label': 'fp'}, {'from': 'PURCHASE', 'to': 'amount', 'label': 'tp'}, {'from': 'PURCHASE', 'to': 'exchange', 'label': 'tp'}, {'from': 'PURCHASE', 'to': 'store', 'label': 'tp'}, {'from': 'PURCHASE', 'to': 'creditCard', 'label': 'tp'}, {'from': 'PURCHASE', 'to': 'date', 'label': 'tp'}]","['creditcard', 'lastname', 'issuingbankaddress', 'storeaddress', 'storename', 'purchase', 'issuingbank', 'area', 'circuit', 'job', 'incomerange', 'amount', 'creditcardtype', 'date', 'store', 'firstname', 'age', 'storetype', 'exchange', 'creditcardname', 'country', 'color']","['creditcardcreditlimit', 'issuingbankcountry', 'creditcardholder', 'creditcardexpirationdate']","['holder', 'creditlimit']",15,10,10,0.6,0.6,0.6,22,2,4,0.8462,0.9167,0.88,0,10,10,0,0,False,0,2,0,2,0,0,False
exercise-5,demand,rq5,5,2025-08-21T18-59-50,1,114.7463,falcon-3-10B-inst-hf,falcon3-10,,,0.2,,,,0.9,,PRESENCE,['duration'],"[{'from': 'member', 'to': 'name', 'label': 'tp'}, {'from': 'member', 'to': 'surname', 'label': 'tp'}, {'from': 'member', 'to': 'address', 'label': 'tp'}, {'from': 'member', 'to': 'postalCode', 'label': 'fp'}, {'from': 'member', 'to': 'city', 'label': 'fp'}, {'from': 'member', 'to': 'weight', 'label': 'tp'}, {'from': 'member', 'to': 'height', 'label': 'tp'}, {'from': 'city', 'to': 'postalCode', 'label': 'fp'}, {'from': 'WOD', 'to': 'WODType', 'label': 'tp'}, {'from': 'WOD', 'to': 'date', 'label': 'fp'}, {'from': 'WOD', 'to': 'WODName', 'label': 'fp'}, {'from': 'PRESENCE', 'to': 'member', 'label': 'tp'}, {'from': 'PRESENCE', 'to': 'date', 'label': 'tp'}, {'from': 'PRESENCE', 'to': 'duration', 'label': 'fp'}, {'from': 'PRESENCE', 'to': 'WOD', 'label': 'tp'}, {'from': 'PRESENCE', 'to': 'hour', 'label': 'tp'}, {'from': 'PRESENCE', 'to': 'instructor', 'label': 'tp'}]","['postalcode', 'wodtype', 'presence', 'date', 'weight', 'address', 'hour', 'instructor', 'height', 'wod', 'name', 'city', 'surname', 'member']","['wodname', 'duration']",[],11,2,6,0.6471,0.8462,0.7333,14,0,2,0.875,1.0,0.9333,1,1,5,0,1,False,0,0,2,0,2,0,False
exercise-7,demand,rq5,7,2025-08-21T19-15-08,1,114.7902,falcon-3-10B-inst-hf,falcon3-10,,,0.2,,,,0.9,,RENTAL,"['amount', 'discount', 'insuranceCost', 'milesTravelled']","[{'from': 'car', 'to': 'carPlate', 'label': 'fp'}, {'from': 'rental', 'to': 'date', 'role': 'pickup', 'label': 'tp'}, {'from': 'rental', 'to': 'date', 'role': 'dropoff', 'label': 'tp'}, {'from': 'rental', 'to': 'office', 'role': 'pickup', 'label': 'tp'}, {'from': 'rental', 'to': 'office', 'role': 'dropoff', 'label': 'tp'}, {'from': 'car', 'to': 'registrationDate', 'label': 'fp'}, {'from': 'car', 'to': 'fuelType', 'label': 'fp'}, {'from': 'car', 'to': 'category', 'label': 'fp'}, {'from': 'car', 'to': 'model', 'label': 'fp'}, {'from': 'model', 'to': 'brand', 'label': 'tp'}, {'from': 'office', 'to': 'city', 'label': 'tp'}, {'from': 'city', 'to': 'state', 'label': 'tp'}, {'from': 'state', 'to': 'country', 'label': 'tp'}, {'from': 'country', 'to': 'area', 'label': 'tp'}, {'from': 'RENTAL', 'to': 'amount', 'label': 'tp'}, {'from': 'RENTAL', 'to': 'discount', 'label': 'tp'}, {'from': 'RENTAL', 'to': 'insuranceCost', 'label': 'tp'}, {'from': 'RENTAL', 'to': 'milesTravelled', 'label': 'tp'}, {'from': 'RENTAL', 'to': 'car', 'label': 'fp'}, {'from': 'RENTAL', 'to': 'date', 'role': 'pickup', 'label': 'fp'}, {'from': 'RENTAL', 'to': 'date', 'role': 'dropoff', 'label': 'fp'}, {'from': 'RENTAL', 'to': 'office', 'role': 'pickup', 'label': 'fp'}, {'from': 'RENTAL', 'to': 'office', 'role': 'dropoff', 'label': 'fp'}]","['amount', 'area', 'office', 'carplate', 'date', 'milestravelled', 'insurancecost', 'brand', 'fueltype', 'state', 'rental', 'city', 'model', 'category', 'country', 'discount']","['registrationdate', 'car']",['risk'],13,6,10,0.5652,0.6842,0.619,16,1,2,0.8889,0.9412,0.9143,0,6,10,0,0,False,0,0,0,0,0,0,False
exercise-7,demand,rq5,7,2025-08-21T19-18-58,1,114.8291,falcon-3-10B-inst-hf,falcon3-10,,,0.2,,,,0.9,,RENTAL,"['amount', 'discount', 'insuranceCost', 'milesTravelled']","[{'from': 'car', 'to': 'carPlate', 'label': 'fp'}, {'from': 'rental', 'to': 'date', 'role': 'pickup', 'label': 'tp'}, {'from': 'rental', 'to': 'date', 'role': 'dropoff', 'label': 'tp'}, {'from': 'rental', 'to': 'office', 'role': 'pickup', 'label': 'tp'}, {'from': 'rental', 'to': 'office', 'role': 'dropoff', 'label': 'tp'}, {'from': 'car', 'to': 'registrationDate', 'label': 'fp'}, {'from': 'car', 'to': 'fuelType', 'label': 'fp'}, {'from': 'car', 'to': 'category', 'label': 'fp'}, {'from': 'car', 'to': 'model', 'label': 'fp'}, {'from': 'model', 'to': 'brand', 'label': 'tp'}, {'from': 'office', 'to': 'city', 'label': 'tp'}, {'from': 'city', 'to': 'state', 'label': 'tp'}, {'from': 'state', 'to': 'country', 'label': 'tp'}, {'from': 'country', 'to': 'area', 'label': 'tp'}, {'from': 'RENTAL', 'to': 'amount', 'label': 'tp'}, {'from': 'RENTAL', 'to': 'discount', 'label': 'tp'}, {'from': 'RENTAL', 'to': 'insuranceCost', 'label': 'tp'}, {'from': 'RENTAL', 'to': 'milesTravelled', 'label': 'tp'}, {'from': 'RENTAL', 'to': 'car', 'label': 'fp'}, {'from': 'RENTAL', 'to': 'date', 'role': 'pickup', 'label': 'fp'}, {'from': 'RENTAL', 'to': 'date', 'role': 'dropoff', 'label': 'fp'}, {'from': 'RENTAL', 'to': 'office', 'role': 'pickup', 'label': 'fp'}, {'from': 'RENTAL', 'to': 'office', 'role': 'dropoff', 'label': 'fp'}]","['amount', 'area', 'office', 'carplate', 'date', 'milestravelled', 'insurancecost', 'brand', 'fueltype', 'state', 'rental', 'city', 'model', 'category', 'country', 'discount']","['registrationdate', 'car']",['risk'],13,6,10,0.5652,0.6842,0.619,16,1,2,0.8889,0.9412,0.9143,0,6,10,0,0,False,0,0,0,0,0,0,False
exercise-8,demand,rq5,8,2025-08-21T19-24-43,1,115.0827,falcon-3-10B-inst-hf,falcon3-10,,,0.2,,,,0.9,,CheckIn,"['numBagsBoarded', 'ticketAmount', 'taxAmount', 'totalAmount']","[{'from': 'passenger', 'to': 'firstName', 'label': 'tp'}, {'from': 'passenger', 'to': 'lastName', 'label': 'tp'}, {'from': 'passenger', 'to': 'date', 'role': 'birth', 'label': 'tp'}, {'from': 'passenger', 'to': 'city', 'label': 'fp'}, {'from': 'passenger', 'to': 'documentId', 'label': 'tp'}, {'from': 'passenger', 'to': 'documentType', 'label': 'tp'}, {'from': 'passenger', 'to': 'telephoneNumber', 'label': 'tp'}, {'from': 'passenger', 'to': 'emailAddress', 'label': 'tp'}, {'from': 'passenger', 'to': 'gender', 'label': 'tp'}, {'from': 'CheckIn', 'to': 'passenger', 'label': 'fp'}, {'from': 'CheckIn', 'to': 'seat', 'label': 'tp'}, {'from': 'CheckIn', 'to': 'date', 'role': 'checkInTime', 'label': 'fp'}, {'from': 'ticketNumber', 'to': 'passenger', 'role': 'purchaser', 'label': 'fp'}, {'from': 'ticketNumber', 'to': 'date', 'role': 'purchaseDate', 'label': 'fp'}, {'from': 'ticketNumber', 'to': 'ticketPriority', 'label': 'tp'}, {'from': 'ticketNumber', 'to': 'flight', 'label': 'tp'}, {'from': 'flight', 'to': 'date', 'role': 'departure', 'label': 'fp'}, {'from': 'flight', 'to': 'date', 'role': 'arrival', 'label': 'fp'}, {'from': 'flight', 'to': 'delayDeparture', 'label': 'tp'}, {'from': 'flight', 'to': 'delayArrival', 'label': 'tp'}, {'from': 'flight', 'to': 'cancelled', 'label': 'tp'}, {'from': 'flight', 'to': 'route', 'label': 'tp'}, {'from': 'route', 'to': 'departureAirport', 'label': 'fp'}, {'from': 'route', 'to': 'arrivalAirport', 'label': 'fp'}, {'from': 'route', 'to': 'date', 'role': 'routeDate', 'label': 'fp'}, {'from': 'route', 'to': 'airline', 'label': 'fp'}, {'from': 'airline', 'to': 'code', 'label': 'fp'}, {'from': 'airline', 'to': 'firstName', 'label': 'fp'}, {'from': 'airline', 'to': 'nation', 'label': 'fp'}, {'from': 'airplaneType', 'to': 'numSeats', 'label': 'fp'}, {'from': 'departureAirport', 'to': 'code', 'label': 'fp'}, {'from': 'departureAirport', 'to': 'firstName', 'label': 'fp'}, {'from': 'departureAirport', 'to': 'city', 'label': 'fp'}, {'from': 'departureAirport', 'to': 'nation', 'label': 'fp'}, {'from': 'arrivalAirport', 'to': 'code', 'label': 'fp'}, {'from': 'arrivalAirport', 'to': 'firstName', 'label': 'fp'}, {'from': 'arrivalAirport', 'to': 'city', 'label': 'fp'}, {'from': 'arrivalAirport', 'to': 'nation', 'label': 'fp'}, {'from': 'CheckIn', 'to': 'numBagsBoarded', 'label': 'fp'}, {'from': 'CheckIn', 'to': 'ticketAmount', 'label': 'tp'}, {'from': 'CheckIn', 'to': 'taxAmount', 'label': 'tp'}, {'from': 'CheckIn', 'to': 'totalAmount', 'label': 'tp'}, {'from': 'CheckIn', 'to': 'ticketNumber', 'label': 'tp'}, {'from': 'CheckIn', 'to': 'passenger', 'label': 'fp'}]","['lastname', 'route', 'airplanetype', 'totalamount', 'checkin', 'documenttype', 'delaydeparture', 'seat', 'documentid', 'nation', 'delayarrival', 'cancelled', 'emailaddress', 'date', 'taxamount', 'ticketamount', 'flight', 'gender', 'firstname', 'city', 'telephonenumber', 'ticketnumber', 'passenger', 'ticketpriority']","['numseats', 'departureairport', 'airline', 'arrivalairport', 'code', 'numbagsboarded']","['airlinecode', 'arrivaltime', 'airportname', 'time', 'flightdate', 'departuretime', 'airportcode', 'airlinename', 'airlinenation', 'numberofbags', 'numberofseats']",19,18,25,0.4318,0.5135,0.4691,24,11,6,0.8,0.6857,0.7385,0,18,25,1,1,False,1,0,3,0,3,1,True
exercise-8,demand,rq5,8,2025-08-21T19-28-33,1,115.1327,falcon-3-10B-inst-hf,falcon3-10,,,0.2,,,,0.9,,CheckIn,"['numBagsBoarded', 'ticketAmount', 'taxAmount', 'totalAmount']","[{'from': 'passenger', 'to': 'firstName', 'label': 'tp'}, {'from': 'passenger', 'to': 'lastName', 'label': 'tp'}, {'from': 'passenger', 'to': 'date', 'role': 'birth', 'label': 'tp'}, {'from': 'passenger', 'to': 'city', 'label': 'fp'}, {'from': 'passenger', 'to': 'documentId', 'label': 'tp'}, {'from': 'passenger', 'to': 'documentType', 'label': 'tp'}, {'from': 'passenger', 'to': 'telephoneNumber', 'label': 'tp'}, {'from': 'passenger', 'to': 'emailAddress', 'label': 'tp'}, {'from': 'passenger', 'to': 'gender', 'label': 'tp'}, {'from': 'CheckIn', 'to': 'passenger', 'label': 'fp'}, {'from': 'CheckIn', 'to': 'seat', 'label': 'tp'}, {'from': 'CheckIn', 'to': 'date', 'role': 'checkInTime', 'label': 'fp'}, {'from': 'ticketNumber', 'to': 'passenger', 'role': 'purchaser', 'label': 'fp'}, {'from': 'ticketNumber', 'to': 'date', 'role': 'purchaseDate', 'label': 'fp'}, {'from': 'ticketNumber', 'to': 'ticketPriority', 'label': 'tp'}, {'from': 'ticketNumber', 'to': 'flight', 'label': 'tp'}, {'from': 'flight', 'to': 'date', 'role': 'departure', 'label': 'fp'}, {'from': 'flight', 'to': 'date', 'role': 'arrival', 'label': 'fp'}, {'from': 'flight', 'to': 'delayDeparture', 'label': 'tp'}, {'from': 'flight', 'to': 'delayArrival', 'label': 'tp'}, {'from': 'flight', 'to': 'cancelled', 'label': 'tp'}, {'from': 'flight', 'to': 'route', 'label': 'tp'}, {'from': 'route', 'to': 'departureAirport', 'label': 'fp'}, {'from': 'route', 'to': 'arrivalAirport', 'label': 'fp'}, {'from': 'route', 'to': 'date', 'role': 'routeDate', 'label': 'fp'}, {'from': 'route', 'to': 'airline', 'label': 'fp'}, {'from': 'airline', 'to': 'code', 'label': 'fp'}, {'from': 'airline', 'to': 'firstName', 'label': 'fp'}, {'from': 'airline', 'to': 'nation', 'label': 'fp'}, {'from': 'airplaneType', 'to': 'numSeats', 'label': 'fp'}, {'from': 'departureAirport', 'to': 'code', 'label': 'fp'}, {'from': 'departureAirport', 'to': 'firstName', 'label': 'fp'}, {'from': 'departureAirport', 'to': 'city', 'label': 'fp'}, {'from': 'departureAirport', 'to': 'nation', 'label': 'fp'}, {'from': 'arrivalAirport', 'to': 'code', 'label': 'fp'}, {'from': 'arrivalAirport', 'to': 'firstName', 'label': 'fp'}, {'from': 'arrivalAirport', 'to': 'city', 'label': 'fp'}, {'from': 'arrivalAirport', 'to': 'nation', 'label': 'fp'}, {'from': 'CheckIn', 'to': 'numBagsBoarded', 'label': 'fp'}, {'from': 'CheckIn', 'to': 'ticketAmount', 'label': 'tp'}, {'from': 'CheckIn', 'to': 'taxAmount', 'label': 'tp'}, {'from': 'CheckIn', 'to': 'totalAmount', 'label': 'tp'}, {'from': 'CheckIn', 'to': 'ticketNumber', 'label': 'tp'}, {'from': 'CheckIn', 'to': 'passenger', 'label': 'fp'}]","['lastname', 'route', 'airplanetype', 'totalamount', 'checkin', 'documenttype', 'delaydeparture', 'seat', 'documentid', 'nation', 'delayarrival', 'cancelled', 'emailaddress', 'date', 'taxamount', 'ticketamount', 'flight', 'gender', 'firstname', 'city', 'telephonenumber', 'ticketnumber', 'passenger', 'ticketpriority']","['numseats', 'departureairport', 'airline', 'arrivalairport', 'code', 'numbagsboarded']","['airlinecode', 'arrivaltime', 'airportname', 'time', 'flightdate', 'departuretime', 'airportcode', 'airlinename', 'airlinenation', 'numberofbags', 'numberofseats']",19,18,25,0.4318,0.5135,0.4691,24,11,6,0.8,0.6857,0.7385,0,18,25,1,1,False,1,0,3,0,3,1,True
exercise-8,demand,rq5,8,2025-08-21T19-30-28,1,115.0785,falcon-3-10B-inst-hf,falcon3-10,,,0.2,,,,0.9,,CheckIn,"['numberOfBagsBoarded', 'ticketAmount', 'taxAmount', 'totalAmount']","[{'from': 'passenger', 'to': 'firstName', 'label': 'tp'}, {'from': 'passenger', 'to': 'lastName', 'label': 'tp'}, {'from': 'passenger', 'to': 'date', 'role': 'birth', 'label': 'tp'}, {'from': 'passenger', 'to': 'city', 'label': 'fp'}, {'from': 'passenger', 'to': 'documentId', 'label': 'tp'}, {'from': 'passenger', 'to': 'documentType', 'label': 'tp'}, {'from': 'passenger', 'to': 'telephoneNumber', 'label': 'tp'}, {'from': 'passenger', 'to': 'emailAddress', 'label': 'tp'}, {'from': 'passenger', 'to': 'gender', 'label': 'tp'}, {'from': 'CheckIn', 'to': 'passenger', 'label': 'fp'}, {'from': 'CheckIn', 'to': 'seat', 'label': 'tp'}, {'from': 'CheckIn', 'to': 'date', 'role': 'checkInTime', 'label': 'fp'}, {'from': 'CheckIn', 'to': 'ticketNumber', 'label': 'tp'}, {'from': 'ticketNumber', 'to': 'date', 'role': 'purchaseDate', 'label': 'fp'}, {'from': 'ticketNumber', 'to': 'passenger', 'label': 'tp'}, {'from': 'ticketNumber', 'to': 'ticketPriority', 'label': 'tp'}, {'from': 'ticketNumber', 'to': 'flight', 'label': 'tp'}, {'from': 'flight', 'to': 'date', 'role': 'departure', 'label': 'fp'}, {'from': 'flight', 'to': 'date', 'role': 'arrival', 'label': 'fp'}, {'from': 'flight', 'to': 'delayDeparture', 'label': 'tp'}, {'from': 'flight', 'to': 'delayArrival', 'label': 'tp'}, {'from': 'flight', 'to': 'cancelled', 'label': 'tp'}, {'from': 'flight', 'to': 'route', 'label': 'tp'}, {'from': 'route', 'to': 'departureAirport', 'label': 'fp'}, {'from': 'route', 'to': 'arrivalAirport', 'label': 'fp'}, {'from': 'route', 'to': 'date', 'role': 'routeDate', 'label': 'fp'}, {'from': 'route', 'to': 'airline', 'label': 'fp'}, {'from': 'airline', 'to': 'code', 'label': 'fp'}, {'from': 'airline', 'to': 'firstName', 'label': 'fp'}, {'from': 'airline', 'to': 'nation', 'label': 'fp'}, {'from': 'departureAirport', 'to': 'code', 'label': 'fp'}, {'from': 'departureAirport', 'to': 'firstName', 'label': 'fp'}, {'from': 'departureAirport', 'to': 'city', 'label': 'fp'}, {'from': 'arrivalAirport', 'to': 'code', 'label': 'fp'}, {'from': 'arrivalAirport', 'to': 'firstName', 'label': 'fp'}, {'from': 'arrivalAirport', 'to': 'city', 'label': 'fp'}, {'from': 'city', 'to': 'nation', 'label': 'tp'}, {'from': 'CheckIn', 'to': 'numberOfBagsBoarded', 'label': 'fp'}, {'from': 'CheckIn', 'to': 'ticketAmount', 'label': 'tp'}, {'from': 'CheckIn', 'to': 'taxAmount', 'label': 'tp'}, {'from': 'CheckIn', 'to': 'totalAmount', 'label': 'tp'}, {'from': 'CheckIn', 'to': 'passenger', 'label': 'fp'}, {'from': 'CheckIn', 'to': 'ticketNumber', 'label': 'fp'}]","['lastname', 'route', 'totalamount', 'checkin', 'documenttype', 'delaydeparture', 'seat', 'documentid', 'nation', 'delayarrival', 'cancelled', 'emailaddress', 'date', 'taxamount', 'ticketamount', 'flight', 'gender', 'firstname', 'city', 'telephonenumber', 'ticketnumber', 'passenger', 'ticketpriority']","['departureairport', 'airline', 'numberofbagsboarded', 'arrivalairport', 'code']","['airplanetype', 'arrivaltime', 'airportname', 'airlinecode', 'time', 'flightdate', 'departuretime', 'airportcode', 'airlinename', 'airlinenation', 'numberofbags', 'numberofseats']",21,16,22,0.4884,0.5676,0.525,23,12,5,0.8214,0.6571,0.7302,0,16,22,1,1,False,0,0,4,0,4,0,True
exercise-9,demand,rq5,9,2025-08-21T19-36-13,1,114.9025,falcon-3-10B-inst-hf,falcon3-10,,,0.2,,,,0.9,,TICKET,"['price', 'distance', 'baseFare', 'timeDuration']","[{'from': 'ticket', 'to': 'date', 'role': 'purchase', 'label': 'tp'}, {'from': 'ticket', 'to': 'customerCode', 'label': 'tp'}, {'from': 'customerCode', 'to': 'customerCode', 'label': 'fp'}, {'from': 'customerCode', 'to': 'firstName', 'label': 'tp'}, {'from': 'customerCode', 'to': 'lastName', 'label': 'tp'}, {'from': 'customerCode', 'to': 'date', 'role': 'birth', 'label': 'tp'}, {'from': 'customerCode', 'to': 'cityOfBirth', 'label': 'fp'}, {'from': 'customerCode', 'to': 'documentId', 'label': 'tp'}, {'from': 'route', 'to': 'stationDeparture', 'label': 'fp'}, {'from': 'route', 'to': 'stationArrival', 'label': 'fp'}, {'from': 'stationName', 'to': 'stationName', 'label': 'fp'}, {'from': 'stationName', 'to': 'city', 'label': 'fp'}, {'from': 'city', 'to': 'region', 'label': 'tp'}, {'from': 'trip', 'to': 'train', 'label': 'fp'}, {'from': 'trip', 'to': 'date', 'role': 'tripDate', 'label': 'fp'}, {'from': 'trip', 'to': 'status', 'label': 'tp'}, {'from': 'train', 'to': 'trainCode', 'label': 'fp'}, {'from': 'train', 'to': 'trainType', 'label': 'fp'}, {'from': 'trainType', 'to': 'capacity', 'label': 'tp'}, {'from': 'TICKET', 'to': 'price', 'label': 'fp'}, {'from': 'TICKET', 'to': 'distance', 'label': 'fp'}, {'from': 'TICKET', 'to': 'baseFare', 'label': 'fp'}, {'from': 'TICKET', 'to': 'timeDuration', 'label': 'fp'}, {'from': 'TICKET', 'to': 'customerCode', 'label': 'fp'}, {'from': 'TICKET', 'to': 'route', 'label': 'fp'}, {'from': 'TICKET', 'to': 'trip|++++++++++++++++++++++++++++++++++++++++++++++++++++++++++++++++++++++++++++++++++++++++++++++++++++++++++++++++++++++++++++++++++++++++++++++++++++++++++++++++++++++++++++++++++++++++++++++++++++++++++++++++++++++++++++++++++++++++++++++++++++++++++++++++++++++++++++++++++++++++++++++++++++++++++++++++++++++++++++++++++++++++++++++++++++++++++++++++++++++++++++++++++++++++++++++++++++++++++++++++++++++++++++++++++++++++++++++++++++++++++++++++++++++++++++++++++++++++++++++++++++++++++++++++++++++++++++++++++++++++++++++++++++++++++++++++++++++++++++++++++++++++++++++++++++++++++++++++++++++++++++++++++++++++++++++++++++++++++++++++++++++++++++++++++++++++++++++++++++++++++++++++++++++++++++++++++++++++++++++++++++++++++++++++++++++++++++++++++++++++++++++++++++++++++++++++++++++++++++++++++++++++++++++++++++++++++++++++++++++++++++++++++++++++++++++++++++++++++++++++++++++++++++++++++++++++++++++++++++++++++++++++++++++++++++++++++++++++++++++++++++++++++++++++++++++++++++++++++++++++++++++++++++++++++++++++++++++++++++++++++++++++++++++++++++++++++++++++++++++++++++++++++++++++++++++++++++++++++++++++++++++++++++++++++++++++++++++++++++++++++++++++++++++++++++++++++++++++++++++++++++++++++++++++++++++++++++++++++++++++++++++++++++++++++++++++++++++++++++++++++++++++++++++++++++++++++++++++++++++++++++++++++++++++++++++++++++++++++++++++++++++++++++++++++++++++++++++++++++++++++++++++++++++++++++++++++++++++++++++++++++++++++++++++++++++++++++++++++++++++++++++++++++++++++++++++++++++++++++++++++++++++++++++++++++++++++++++++++++++++++++++++++++++++++++++++++++++++++++++++++++++++++++++++++++++++++++++++++++++++++++++++++++++++++++++++++++++++++++++++++++++++++++++++++++++++++++++++++++++++++++++++++', 'label': 'fp'}]","['status', 'lastname', 'distance', 'route', 'price', 'region', 'date', 'stationname', 'trip', 'documentid', 'basefare', 'timeduration', 'city', 'firstname', 'capacity', 'traintype', 'traincode', 'customercode']","['trip|++++++++++++++++++++++++++++++++++++++++++++++++++++++++++++++++++++++++++++++++++++++++++++++++++++++++++++++++++++++++++++++++++++++++++++++++++++++++++++++++++++++++++++++++++++++++++++++++++++++++++++++++++++++++++++++++++++++++++++++++++++++++++++++++++++++++++++++++++++++++++++++++++++++++++++++++++++++++++++++++++++++++++++++++++++++++++++++++++++++++++++++++++++++++++++++++++++++++++++++++++++++++++++++++++++++++++++++++++++++++++++++++++++++++++++++++++++++++++++++++++++++++++++++++++++++++++++++++++++++++++++++++++++++++++++++++++++++++++++++++++++++++++++++++++++++++++++++++++++++++++++++++++++++++++++++++++++++++++++++++++++++++++++++++++++++++++++++++++++++++++++++++++++++++++++++++++++++++++++++++++++++++++++++++++++++++++++++++++++++++++++++++++++++++++++++++++++++++++++++++++++++++++++++++++++++++++++++++++++++++++++++++++++++++++++++++++++++++++++++++++++++++++++++++++++++++++++++++++++++++++++++++++++++++++++++++++++++++++++++++++++++++++++++++++++++++++++++++++++++++++++++++++++++++++++++++++++++++++++++++++++++++++++++++++++++++++++++++++++++++++++++++++++++++++++++++++++++++++++++++++++++++++++++++++++++++++++++++++++++++++++++++++++++++++++++++++++++++++++++++++++++++++++++++++++++++++++++++++++++++++++++++++++++++++++++++++++++++++++++++++++++++++++++++++++++++++++++++++++++++++++++++++++++++++++++++++++++++++++++++++++++++++++++++++++++++++++++++++++++++++++++++++++++++++++++++++++++++++++++++++++++++++++++++++++++++++++++++++++++++++++++++++++++++++++++++++++++++++++++++++++++++++++++++++++++++++++++++++++++++++++++++++++++++++++++++++++++++++++++++++++++++++++++++++++++++++++++++++++++++++++++++++++++++++++++++++++++++++++++++++++++++++++++++++++++++++++++++++++++++++++++++++', 'cityofbirth', 'train', 'ticket', 'stationdeparture', 'stationarrival']","['ticket', 'location', 'routeinticket']",9,15,17,0.3462,0.375,0.36,18,3,6,0.75,0.8571,0.8,0,15,17,0,0,True,2,1,0,1,0,1,True
exercise-1,demand,rq5,1,2025-08-22T04-07-54,1,114.6027,falcon-3-10B-inst-hf,falcon3-10,,,0.2,,,,0.9,,INSTALLATION,['installationdate'],"[{'from': 'computer', 'to': 'model', 'label': 'tp'}, {'from': 'computer', 'to': 'brand', 'label': 'tp'}, {'from': 'brand', 'to': 'supplier', 'label': 'tp'}, {'from': 'supplier', 'to': 'city', 'label': 'tp'}, {'from': 'supplier', 'to': 'address', 'label': 'tp'}, {'from': 'software', 'to': 'description', 'label': 'tp'}, {'from': 'software', 'to': 'type', 'label': 'tp'}, {'from': 'INSTALLATION', 'to': 'computer', 'label': 'tp'}, {'from': 'INSTALLATION', 'to': 'software', 'label': 'tp'}]","['model', 'brand', 'description', 'installation', 'city', 'address', 'computer', 'type', 'supplier', 'software']",['installationdate'],['date'],9,1,0,1.0,0.9,0.9474,10,1,1,0.9091,0.9091,0.9091,0,1,0,0,1,False,0,0,0,0,0,0,False
exercise-1,demand,rq5,1,2025-08-22T04-09-49,1,114.6755,falcon-3-10B-inst-hf,falcon3-10,,,0.2,,,,0.9,,INSTALLATION,['installationdate'],"[{'from': 'computer', 'to': 'model', 'label': 'tp'}, {'from': 'computer', 'to': 'brand', 'label': 'tp'}, {'from': 'brand', 'to': 'supplier', 'label': 'tp'}, {'from': 'supplier', 'to': 'city', 'label': 'tp'}, {'from': 'supplier', 'to': 'address', 'label': 'tp'}, {'from': 'software', 'to': 'description', 'label': 'tp'}, {'from': 'software', 'to': 'type', 'label': 'tp'}, {'from': 'INSTALLATION', 'to': 'computer', 'label': 'tp'}, {'from': 'INSTALLATION', 'to': 'software', 'label': 'tp'}]","['model', 'brand', 'description', 'installation', 'city', 'address', 'computer', 'type', 'supplier', 'software']",['installationdate'],['date'],9,1,0,1.0,0.9,0.9474,10,1,1,0.9091,0.9091,0.9091,0,1,0,0,1,False,0,0,0,0,0,0,False
exercise-3,demand,rq5,3,2025-08-22T04-21-17,1,114.7673,falcon-3-10B-inst-hf,falcon3-10,,,0.2,,,,0.9,,PURCHASE,"['amount', 'exchange']","[{'from': 'store', 'to': 'storeName', 'label': 'tp'}, {'from': 'store', 'to': 'storeAddress', 'label': 'tp'}, {'from': 'store', 'to': 'storeType', 'label': 'tp'}, {'from': 'store', 'to': 'country', 'label': 'tp'}, {'from': 'country', 'to': 'area', 'label': 'tp'}, {'from': 'creditCard', 'to': 'creditCardType', 'label': 'tp'}, {'from': 'creditCard', 'to': 'creditCardHolder', 'label': 'fp'}, {'from': 'creditCard', 'to': 'creditCardExpirationDate', 'label': 'fp'}, {'from': 'creditCard', 'to': 'creditCardCreditLimit', 'label': 'fp'}, {'from': 'creditCardType', 'to': 'circuit', 'label': 'tp'}, {'from': 'creditCardType', 'to': 'issuingBank', 'label': 'tp'}, {'from': 'issuingBank', 'to': 'issuingBankAddress', 'label': 'tp'}, {'from': 'issuingBank', 'to': 'issuingBankCountry', 'label': 'fp'}, {'from': 'creditCardType', 'to': 'creditCardName', 'label': 'tp'}, {'from': 'creditCardType', 'to': 'color', 'label': 'tp'}, {'from': 'creditCardHolder', 'to': 'firstName', 'label': 'fp'}, {'from': 'creditCardHolder', 'to': 'lastName', 'label': 'fp'}, {'from': 'creditCardHolder', 'to': 'age', 'label': 'fp'}, {'from': 'creditCardHolder', 'to': 'job', 'label': 'fp'}, {'from': 'creditCardHolder', 'to': 'incomeRange', 'label': 'fp'}, {'from': 'PURCHASE', 'to': 'amount', 'label': 'tp'}, {'from': 'PURCHASE', 'to': 'exchange', 'label': 'tp'}, {'from': 'PURCHASE', 'to': 'store', 'label': 'tp'}, {'from': 'PURCHASE', 'to': 'creditCard', 'label': 'tp'}, {'from': 'PURCHASE', 'to': 'date', 'label': 'tp'}]","['exchange', 'purchase', 'circuit', 'creditcardname', 'issuingbank', 'issuingbankaddress', 'date', 'store', 'creditcard', 'country', 'storeaddress', 'color', 'job', 'incomerange', 'area', 'age', 'lastname', 'creditcardtype', 'firstname', 'amount', 'storetype', 'storename']","['creditcardexpirationdate', 'issuingbankcountry', 'creditcardholder', 'creditcardcreditlimit']","['creditlimit', 'holder']",16,9,9,0.64,0.64,0.64,22,2,4,0.8462,0.9167,0.88,0,9,9,0,0,False,0,2,0,2,0,0,False
exercise-5,demand,rq5,5,2025-08-22T04-40-25,1,114.7415,falcon-3-10B-inst-hf,falcon3-10,,,0.2,,,,0.9,,PRESENCE,['duration'],"[{'from': 'member', 'to': 'name', 'label': 'tp'}, {'from': 'member', 'to': 'surname', 'label': 'tp'}, {'from': 'member', 'to': 'address', 'label': 'tp'}, {'from': 'member', 'to': 'postalCode', 'label': 'fp'}, {'from': 'member', 'to': 'city', 'label': 'fp'}, {'from': 'member', 'to': 'weight', 'label': 'tp'}, {'from': 'member', 'to': 'height', 'label': 'tp'}, {'from': 'city', 'to': 'postalCode', 'label': 'fp'}, {'from': 'WOD', 'to': 'WODType', 'label': 'tp'}, {'from': 'WOD', 'to': 'date', 'label': 'fp'}, {'from': 'WOD', 'to': 'WODName', 'label': 'fp'}, {'from': 'PRESENCE', 'to': 'member', 'label': 'tp'}, {'from': 'PRESENCE', 'to': 'date', 'label': 'tp'}, {'from': 'PRESENCE', 'to': 'duration', 'label': 'fp'}, {'from': 'PRESENCE', 'to': 'WOD', 'label': 'tp'}, {'from': 'PRESENCE', 'to': 'hour', 'label': 'tp'}, {'from': 'PRESENCE', 'to': 'instructor', 'label': 'tp'}]","['surname', 'date', 'hour', 'city', 'address', 'height', 'instructor', 'weight', 'member', 'presence', 'postalcode', 'wodtype', 'wod', 'name']","['wodname', 'duration']",[],11,2,6,0.6471,0.8462,0.7333,14,0,2,0.875,1.0,0.9333,1,1,5,0,1,False,0,0,2,0,2,0,False
exercise-7,demand,rq5,7,2025-08-22T05-03-22,1,114.8096,falcon-3-10B-inst-hf,falcon3-10,,,0.2,,,,0.9,,RENTAL,"['amount', 'discount', 'insuranceCost', 'milesTravelled']","[{'from': 'car', 'to': 'carPlate', 'label': 'fp'}, {'from': 'rental', 'to': 'date', 'role': 'pickup', 'label': 'tp'}, {'from': 'rental', 'to': 'date', 'role': 'dropoff', 'label': 'tp'}, {'from': 'rental', 'to': 'office', 'role': 'pickup', 'label': 'tp'}, {'from': 'rental', 'to': 'office', 'role': 'dropoff', 'label': 'tp'}, {'from': 'car', 'to': 'registrationDate', 'label': 'fp'}, {'from': 'car', 'to': 'fuelType', 'label': 'fp'}, {'from': 'car', 'to': 'category', 'label': 'fp'}, {'from': 'car', 'to': 'model', 'label': 'fp'}, {'from': 'model', 'to': 'brand', 'label': 'tp'}, {'from': 'office', 'to': 'city', 'label': 'tp'}, {'from': 'city', 'to': 'state', 'label': 'tp'}, {'from': 'state', 'to': 'country', 'label': 'tp'}, {'from': 'country', 'to': 'area', 'label': 'tp'}, {'from': 'RENTAL', 'to': 'amount', 'label': 'tp'}, {'from': 'RENTAL', 'to': 'discount', 'label': 'tp'}, {'from': 'RENTAL', 'to': 'insuranceCost', 'label': 'tp'}, {'from': 'RENTAL', 'to': 'milesTravelled', 'label': 'tp'}, {'from': 'RENTAL', 'to': 'car', 'label': 'fp'}, {'from': 'RENTAL', 'to': 'date', 'role': 'pickup', 'label': 'fp'}, {'from': 'RENTAL', 'to': 'date', 'role': 'dropoff', 'label': 'fp'}, {'from': 'RENTAL', 'to': 'office', 'role': 'pickup', 'label': 'fp'}, {'from': 'RENTAL', 'to': 'office', 'role': 'dropoff', 'label': 'fp'}]","['brand', 'milestravelled', 'model', 'rental', 'date', 'office', 'city', 'insurancecost', 'amount', 'area', 'country', 'state', 'carplate', 'category', 'fueltype', 'discount']","['car', 'registrationdate']",['risk'],13,6,10,0.5652,0.6842,0.619,16,1,2,0.8889,0.9412,0.9143,0,6,10,0,0,False,0,0,0,0,0,0,False
exercise-7,demand,rq5,7,2025-08-22T05-07-12,1,114.8037,falcon-3-10B-inst-hf,falcon3-10,,,0.2,,,,0.9,,RENTAL,"['amount', 'discount', 'insuranceCost', 'milesTravelled']","[{'from': 'car', 'to': 'carPlate', 'label': 'fp'}, {'from': 'rental', 'to': 'date', 'role': 'pickup', 'label': 'tp'}, {'from': 'rental', 'to': 'date', 'role': 'dropoff', 'label': 'tp'}, {'from': 'rental', 'to': 'office', 'role': 'pickup', 'label': 'tp'}, {'from': 'rental', 'to': 'office', 'role': 'dropoff', 'label': 'tp'}, {'from': 'car', 'to': 'registrationDate', 'label': 'fp'}, {'from': 'car', 'to': 'fuelType', 'label': 'fp'}, {'from': 'car', 'to': 'category', 'label': 'fp'}, {'from': 'car', 'to': 'model', 'label': 'fp'}, {'from': 'model', 'to': 'brand', 'label': 'tp'}, {'from': 'office', 'to': 'city', 'label': 'tp'}, {'from': 'city', 'to': 'state', 'label': 'tp'}, {'from': 'state', 'to': 'country', 'label': 'tp'}, {'from': 'country', 'to': 'area', 'label': 'tp'}, {'from': 'RENTAL', 'to': 'amount', 'label': 'tp'}, {'from': 'RENTAL', 'to': 'discount', 'label': 'tp'}, {'from': 'RENTAL', 'to': 'insuranceCost', 'label': 'tp'}, {'from': 'RENTAL', 'to': 'milesTravelled', 'label': 'tp'}, {'from': 'RENTAL', 'to': 'car', 'label': 'fp'}, {'from': 'RENTAL', 'to': 'date', 'role': 'pickup', 'label': 'fp'}, {'from': 'RENTAL', 'to': 'date', 'role': 'dropoff', 'label': 'fp'}, {'from': 'RENTAL', 'to': 'office', 'role': 'pickup', 'label': 'fp'}, {'from': 'RENTAL', 'to': 'office', 'role': 'dropoff**Q:**', 'label': 'fp'}]","['brand', 'milestravelled', 'model', 'rental', 'date', 'office', 'city', 'insurancecost', 'amount', 'area', 'country', 'state', 'carplate', 'category', 'fueltype', 'discount']","['car', 'registrationdate']",['risk'],13,6,10,0.5652,0.6842,0.619,16,1,2,0.8889,0.9412,0.9143,0,6,10,0,0,False,0,0,0,0,0,0,True
exercise-8,demand,rq5,8,2025-08-22T05-12-57,1,114.9736,falcon-3-10B-inst-hf,falcon3-10,,,0.2,,,,0.9,,CheckIn,"['numBagsBoarded', 'ticketAmount', 'taxAmount', 'totalAmount']","[{'from': 'passenger', 'to': 'firstName', 'label': 'tp'}, {'from': 'passenger', 'to': 'lastName', 'label': 'tp'}, {'from': 'passenger', 'to': 'date', 'role': 'birth', 'label': 'tp'}, {'from': 'passenger', 'to': 'city', 'label': 'fp'}, {'from': 'passenger', 'to': 'documentId', 'label': 'tp'}, {'from': 'passenger', 'to': 'documentType', 'label': 'tp'}, {'from': 'passenger', 'to': 'telephoneNumber', 'label': 'tp'}, {'from': 'passenger', 'to': 'emailAddress', 'label': 'tp'}, {'from': 'passenger', 'to': 'gender', 'label': 'tp'}, {'from': 'CheckIn', 'to': 'passenger', 'label': 'fp'}, {'from': 'CheckIn', 'to': 'seat', 'label': 'tp'}, {'from': 'CheckIn', 'to': 'date', 'role': 'checkInTime', 'label': 'fp'}, {'from': 'CheckIn', 'to': 'ticketNumber', 'label': 'tp'}, {'from': 'ticketNumber', 'to': 'date', 'role': 'purchaseDate', 'label': 'fp'}, {'from': 'ticketNumber', 'to': 'passenger', 'label': 'tp'}, {'from': 'ticketNumber', 'to': 'ticketPriority', 'label': 'tp'}, {'from': 'ticketNumber', 'to': 'flight', 'label': 'tp'}, {'from': 'flight', 'to': 'date', 'role': 'departureDate', 'label': 'fp'}, {'from': 'flight', 'to': 'date', 'role': 'arrivalDate', 'label': 'fp'}, {'from': 'flight', 'to': 'delayDeparture', 'label': 'tp'}, {'from': 'flight', 'to': 'delayArrival', 'label': 'tp'}, {'from': 'flight', 'to': 'cancelled', 'label': 'tp'}, {'from': 'flight', 'to': 'route', 'label': 'tp'}, {'from': 'route', 'to': 'departureAirport', 'label': 'fp'}, {'from': 'route', 'to': 'arrivalAirport', 'label': 'fp'}, {'from': 'route', 'to': 'date', 'role': 'routeDate', 'label': 'fp'}, {'from': 'route', 'to': 'airline', 'label': 'fp'}, {'from': 'airline', 'to': 'code', 'label': 'fp'}, {'from': 'airline', 'to': 'firstName', 'label': 'fp'}, {'from': 'airline', 'to': 'nation', 'label': 'fp'}, {'from': 'departureAirport', 'to': 'code', 'label': 'fp'}, {'from': 'departureAirport', 'to': 'firstName', 'label': 'fp'}, {'from': 'departureAirport', 'to': 'city', 'label': 'fp'}, {'from': 'arrivalAirport', 'to': 'code', 'label': 'fp'}, {'from': 'arrivalAirport', 'to': 'firstName', 'label': 'fp'}, {'from': 'arrivalAirport', 'to': 'city', 'label': 'fp'}, {'from': 'city', 'to': 'nation', 'label': 'tp'}, {'from': 'CheckIn', 'to': 'numBagsBoarded', 'label': 'fp'}, {'from': 'CheckIn', 'to': 'ticketAmount', 'label': 'tp'}, {'from': 'CheckIn', 'to': 'taxAmount', 'label': 'tp'}, {'from': 'CheckIn', 'to': 'totalAmount', 'label': 'tp'}, {'from': 'CheckIn', 'to': 'passenger', 'label': 'fp'}, {'from': 'CheckIn', 'to': 'ticketNumber', 'label': 'fp'}]","['flight', 'nation', 'route', 'emailaddress', 'date', 'documenttype', 'checkin', 'documentid', 'delaydeparture', 'totalamount', 'gender', 'city', 'lastname', 'delayarrival', 'firstname', 'passenger', 'cancelled', 'ticketamount', 'ticketnumber', 'taxamount', 'telephonenumber', 'ticketpriority', 'seat']","['airline', 'code', 'departureairport', 'numbagsboarded', 'arrivalairport']","['airportcode', 'airplanetype', 'airlinename', 'airportname', 'airlinenation', 'airlinecode', 'time', 'numberofbags', 'arrivaltime', 'departuretime', 'flightdate', 'numberofseats']",21,16,22,0.4884,0.5676,0.525,23,12,5,0.8214,0.6571,0.7302,0,16,22,1,1,False,0,0,4,0,4,0,True
exercise-8,demand,rq5,8,2025-08-22T05-14-52,1,114.9383,falcon-3-10B-inst-hf,falcon3-10,,,0.2,,,,0.9,,CheckIn,"['numBagsBoarded', 'ticketAmount', 'taxAmount', 'totalAmount']","[{'from': 'passenger', 'to': 'firstName', 'label': 'tp'}, {'from': 'passenger', 'to': 'lastName', 'label': 'tp'}, {'from': 'passenger', 'to': 'date', 'role': 'birth', 'label': 'tp'}, {'from': 'passenger', 'to': 'city', 'label': 'fp'}, {'from': 'passenger', 'to': 'documentId', 'label': 'tp'}, {'from': 'passenger', 'to': 'documentType', 'label': 'tp'}, {'from': 'passenger', 'to': 'telephoneNumber', 'label': 'tp'}, {'from': 'passenger', 'to': 'emailAddress', 'label': 'tp'}, {'from': 'passenger', 'to': 'gender', 'label': 'tp'}, {'from': 'CheckIn', 'to': 'passenger', 'label': 'fp'}, {'from': 'CheckIn', 'to': 'seat', 'label': 'tp'}, {'from': 'CheckIn', 'to': 'date', 'role': 'checkInTime', 'label': 'fp'}, {'from': 'ticketNumber', 'to': 'passenger', 'role': 'purchaser', 'label': 'fp'}, {'from': 'ticketNumber', 'to': 'date', 'role': 'purchaseDate', 'label': 'fp'}, {'from': 'ticketNumber', 'to': 'ticketPriority', 'label': 'tp'}, {'from': 'ticketNumber', 'to': 'flight', 'label': 'tp'}, {'from': 'flight', 'to': 'date', 'role': 'departure', 'label': 'fp'}, {'from': 'flight', 'to': 'date', 'role': 'arrival', 'label': 'fp'}, {'from': 'flight', 'to': 'delayDeparture', 'label': 'tp'}, {'from': 'flight', 'to': 'delayArrival', 'label': 'tp'}, {'from': 'flight', 'to': 'cancelled', 'label': 'tp'}, {'from': 'flight', 'to': 'route', 'label': 'tp'}, {'from': 'route', 'to': 'departureAirport', 'label': 'fp'}, {'from': 'route', 'to': 'arrivalAirport', 'label': 'fp'}, {'from': 'route', 'to': 'date', 'role': 'routeDate', 'label': 'fp'}, {'from': 'route', 'to': 'airline', 'label': 'fp'}, {'from': 'airline', 'to': 'code', 'label': 'fp'}, {'from': 'airline', 'to': 'firstName', 'label': 'fp'}, {'from': 'airline', 'to': 'nation', 'label': 'fp'}, {'from': 'airplaneType', 'to': 'numSeats', 'label': 'fp'}, {'from': 'departureAirport', 'to': 'code', 'label': 'fp'}, {'from': 'departureAirport', 'to': 'firstName', 'label': 'fp'}, {'from': 'departureAirport', 'to': 'city', 'label': 'fp'}, {'from': 'departureAirport', 'to': 'nation', 'label': 'fp'}, {'from': 'arrivalAirport', 'to': 'code', 'label': 'fp'}, {'from': 'arrivalAirport', 'to': 'firstName', 'label': 'fp'}, {'from': 'arrivalAirport', 'to': 'city', 'label': 'fp'}, {'from': 'arrivalAirport', 'to': 'nation', 'label': 'fp'}, {'from': 'CheckIn', 'to': 'numBagsBoarded', 'label': 'fp'}, {'from': 'CheckIn', 'to': 'ticketAmount', 'label': 'tp'}, {'from': 'CheckIn', 'to': 'taxAmount', 'label': 'tp'}, {'from': 'CheckIn', 'to': 'totalAmount', 'label': 'tp'}, {'from': 'CheckIn', 'to': 'ticketNumber', 'label': 'tp'}, {'from': 'CheckIn', 'to': 'passenger', 'label': 'fp'}]","['flight', 'nation', 'route', 'emailaddress', 'airplanetype', 'date', 'documenttype', 'checkin', 'documentid', 'delaydeparture', 'totalamount', 'gender', 'city', 'lastname', 'delayarrival', 'firstname', 'passenger', 'cancelled', 'ticketamount', 'ticketnumber', 'taxamount', 'telephonenumber', 'ticketpriority', 'seat']","['airline', 'numseats', 'code', 'departureairport', 'numbagsboarded', 'arrivalairport']","['airportcode', 'airlinename', 'airportname', 'airlinenation', 'airlinecode', 'time', 'numberofbags', 'arrivaltime', 'departuretime', 'flightdate', 'numberofseats']",19,18,25,0.4318,0.5135,0.4691,24,11,6,0.8,0.6857,0.7385,0,18,25,1,1,False,1,0,3,0,3,1,True
exercise-9,demand,rq5,9,2025-08-22T05-22-32,1,114.8730,falcon-3-10B-inst-hf,falcon3-10,,,0.2,,,,0.9,,TICKET,"['price', 'distance', 'baseFare', 'duration']","[{'from': 'ticket', 'to': 'date', 'role': 'purchase', 'label': 'tp'}, {'from': 'ticket', 'to': 'customerCode', 'label': 'tp'}, {'from': 'customerCode', 'to': 'customerCode', 'label': 'fp'}, {'from': 'customerCode', 'to': 'firstName', 'label': 'tp'}, {'from': 'customerCode', 'to': 'lastName', 'label': 'tp'}, {'from': 'customerCode', 'to': 'date', 'role': 'birth', 'label': 'tp'}, {'from': 'customerCode', 'to': 'cityOfBirth', 'label': 'fp'}, {'from': 'customerCode', 'to': 'documentId', 'label': 'tp'}, {'from': 'route', 'to': 'stationDeparture', 'label': 'fp'}, {'from': 'route', 'to': 'stationArrival', 'label': 'fp'}, {'from': 'stationDeparture', 'to': 'stationName', 'label': 'fp'}, {'from': 'stationDeparture', 'to': 'city', 'label': 'fp'}, {'from': 'city', 'to': 'region', 'label': 'tp'}, {'from': 'stationArrival', 'to': 'stationName', 'label': 'fp'}, {'from': 'stationArrival', 'to': 'city', 'label': 'fp'}, {'from': 'city', 'to': 'region', 'label': 'fp'}, {'from': 'trip', 'to': 'train', 'label': 'fp'}, {'from': 'trip', 'to': 'date', 'role': 'travel', 'label': 'fp'}, {'from': 'trip', 'to': 'status', 'label': 'tp'}, {'from': 'train', 'to': 'trainCode', 'label': 'fp'}, {'from': 'train', 'to': 'trainType', 'label': 'fp'}, {'from': 'trainType', 'to': 'capacity', 'label': 'tp'}, {'from': 'TICKET', 'to': 'price', 'label': 'fp'}, {'from': 'TICKET', 'to': 'distance', 'label': 'fp'}, {'from': 'TICKET', 'to': 'baseFare', 'label': 'fp'}, {'from': 'TICKET', 'to': 'duration', 'label': 'fp'}, {'from': 'TICKET', 'to': 'ticket', 'label': 'fp'}, {'from': 'TICKET', 'to': 'route', 'label': 'fp'}, {'from': 'TICKET', 'to': 'trip', 'label': 'fp'}]","['documentid', 'distance', 'price', 'date', 'region', 'basefare', 'trip', 'traintype', 'city', 'route', 'traincode', 'lastname', 'capacity', 'status', 'stationname', 'customercode', 'firstname']","['train', 'duration', 'ticket', 'cityofbirth', 'stationdeparture', 'stationarrival']","['location', 'timeduration', 'ticket', 'routeinticket']",9,15,20,0.3103,0.375,0.3396,17,4,6,0.7391,0.8095,0.7727,0,15,20,1,1,True,0,0,2,0,2,0,True
exercise-9,demand,rq5,9,2025-08-22T05-24-26,1,114.8860,falcon-3-10B-inst-hf,falcon3-10,,,0.2,,,,0.9,,TICKET,"['price', 'distance', 'baseFare', 'duration']","[{'from': 'ticket', 'to': 'date', 'role': 'purchase', 'label': 'tp'}, {'from': 'ticket', 'to': 'customerCode', 'label': 'tp'}, {'from': 'customerCode', 'to': 'code', 'label': 'fp'}, {'from': 'customerCode', 'to': 'firstName', 'label': 'tp'}, {'from': 'customerCode', 'to': 'lastName', 'label': 'tp'}, {'from': 'customerCode', 'to': 'date', 'role': 'birth', 'label': 'tp'}, {'from': 'customerCode', 'to': 'cityOfBirth', 'label': 'fp'}, {'from': 'customerCode', 'to': 'documentId', 'label': 'tp'}, {'from': 'route', 'to': 'stationDeparture', 'label': 'fp'}, {'from': 'route', 'to': 'stationArrival', 'label': 'fp'}, {'from': 'stationDeparture', 'to': 'firstName', 'label': 'fp'}, {'from': 'stationDeparture', 'to': 'city', 'label': 'fp'}, {'from': 'city', 'to': 'region', 'label': 'tp'}, {'from': 'stationArrival', 'to': 'firstName', 'label': 'fp'}, {'from': 'stationArrival', 'to': 'city', 'label': 'fp'}, {'from': 'city', 'to': 'region', 'label': 'fp'}, {'from': 'trip', 'to': 'train', 'label': 'fp'}, {'from': 'trip', 'to': 'date', 'role': 'tripDate', 'label': 'fp'}, {'from': 'trip', 'to': 'status', 'label': 'tp'}, {'from': 'train', 'to': 'code', 'label': 'fp'}, {'from': 'train', 'to': 'type', 'label': 'fp'}, {'from': 'train', 'to': 'capacity', 'label': 'fp'}, {'from': 'TICKET', 'to': 'price', 'label': 'fp'}, {'from': 'TICKET', 'to': 'distance', 'label': 'fp'}, {'from': 'TICKET', 'to': 'baseFare', 'label': 'fp'}, {'from': 'TICKET', 'to': 'duration', 'label': 'fp'}, {'from': 'TICKET', 'to': 'ticket', 'label': 'fp'}, {'from': 'TICKET', 'to': 'route', 'label': 'fp'}, {'from': 'TICKET', 'to': 'trip', 'label': 'fp'}]","['documentid', 'distance', 'price', 'date', 'region', 'basefare', 'trip', 'city', 'route', 'lastname', 'capacity', 'status', 'customercode', 'firstname']","['train', 'duration', 'ticket', 'code', 'cityofbirth', 'type', 'stationdeparture', 'stationarrival']","['traintype', 'routeinticket', 'location', 'ticket', 'traincode', 'stationname', 'timeduration']",8,16,21,0.2759,0.3333,0.3019,14,7,8,0.6364,0.6667,0.6512,0,16,21,1,1,True,0,0,2,0,2,0,True
