ex_name,ex_version,ex_prompt_version,ex_number,timestamp,index,time,config_name,config_label,config_deployment,config_api_version,config_temperature,config_max_tokens,config_n_responses,config_stop,config_top_p,config_top_k,fact,measures,dependencies,node_tp,node_fp,node_fn,edges_tp,edges_fn,edges_fp,edges_precision,edges_recall,edges_f1,nodes_tp,nodes_fn,nodes_fp,nodes_precision,nodes_recall,nodes_f1,errors_dependencies_reversed,errors_dependencies_missing,errors_dependencies_extra,errors_measures_missing,errors_measures_extra,errors_fact_incorrect,errors_fact_false_fact,errors_attributes_shared_missing,errors_attributes_shared_extra,errors_attributes_shared_with_fact_root_missing,errors_attributes_shared_with_fact_root_extra,errors_miscellaneous_extra_disconnected_components,errors_miscellaneous_extra_tags
exercise-1,sql,rq3-dec,1,2025-07-24T03-01-57,1,106.6665,mistral-7B-inst-v0.3-hf,mistral-7-inst,,,0.2,,,,0.9,,INSTALLATIONS,['INSTALLATIONS.InstallationDate'],"[{'from': 'SUPPLIERS.SupplierName', 'to': 'SUPPLIERS.SupplierName', 'label': 'fp'}, {'from': 'SUPPLIES.Brand', 'to': 'SUPPLIES.Brand', 'label': 'fp'}, {'from': 'COMPUTER.Brand', 'to': 'COMPUTER.Brand', 'label': 'fp'}, {'from': 'COMPUTER.Model', 'to': 'COMPUTER.Model', 'label': 'fp'}, {'from': 'SOFTWARE.CodSoftw', 'to': 'SOFTWARE.SoftwareDescription', 'label': 'tp'}, {'from': 'SOFTWARE.Type', 'to': 'SOFTWARE.Type', 'label': 'fp'}]","['installations', 'software.softwaredescription', 'supplies.brand', 'suppliers.suppliername', 'software.codsoftw', 'computer.model', 'software.type']","['installations.installationdate', 'computer.brand']","['installations.installationdate', 'suppliers.suppliercity', 'suppliers.supplieraddress', 'computer.codcomputer']",1,9,5,0.1667,0.1,0.125,7,4,2,0.7778,0.6364,0.7,0,9,5,0,1,False,1,0,0,0,0,5,False
exercise-1,sql,rq3-dec,1,2025-07-24T03-03-39,1,102.4062,mistral-7B-inst-v0.3-hf,mistral-7-inst,,,0.2,,,,0.9,,INSTALLATIONS,['INSTALLATIONS.InstallationDate'],"[{'from': 'SUPPLIERS.SupplierName', 'to': 'SUPPLIERS.SupplierName', 'label': 'fp'}, {'from': 'SUPPLIES.Brand', 'to': 'SUPPLIES.Brand', 'label': 'fp'}, {'from': 'COMPUTER.Brand', 'to': 'COMPUTER.Brand', 'label': 'fp'}, {'from': 'COMPUTER.Model', 'to': 'COMPUTER.Model', 'label': 'fp'}, {'from': 'SOFTWARE.CodSoftw', 'to': 'SOFTWARE.SoftwareDescription', 'label': 'tp'}, {'from': 'SOFTWARE.Type', 'to': 'SOFTWARE.Type', 'label': 'fp'}]","['installations', 'software.softwaredescription', 'supplies.brand', 'suppliers.suppliername', 'software.codsoftw', 'computer.model', 'software.type']","['installations.installationdate', 'computer.brand']","['installations.installationdate', 'suppliers.suppliercity', 'suppliers.supplieraddress', 'computer.codcomputer']",1,9,5,0.1667,0.1,0.125,7,4,2,0.7778,0.6364,0.7,0,9,5,0,1,False,1,0,0,0,0,5,False
exercise-1,sql,rq3-dec,1,2025-07-24T03-05-20,1,100.8828,mistral-7B-inst-v0.3-hf,mistral-7-inst,,,0.2,,,,0.9,,INSTALLATIONS,['INSTALLATIONS.InstallationDate'],"[{'from': 'SUPPLIERS.SupplierName', 'to': 'SUPPLIERS.SupplierName', 'label': 'fp'}, {'from': 'SUPPLIES.Brand', 'to': 'SUPPLIES.Brand', 'label': 'fp'}, {'from': 'COMPUTER.Brand', 'to': 'COMPUTER.Brand', 'label': 'fp'}, {'from': 'COMPUTER.Model', 'to': 'COMPUTER.Model', 'label': 'fp'}, {'from': 'SOFTWARE.CodSoftw', 'to': 'SOFTWARE.SoftwareDescription', 'label': 'tp'}, {'from': 'SOFTWARE.Type', 'to': 'SOFTWARE.Type', 'label': 'fp'}]","['installations', 'software.softwaredescription', 'supplies.brand', 'suppliers.suppliername', 'software.codsoftw', 'computer.model', 'software.type']","['installations.installationdate', 'computer.brand']","['installations.installationdate', 'suppliers.suppliercity', 'suppliers.supplieraddress', 'computer.codcomputer']",1,9,5,0.1667,0.1,0.125,7,4,2,0.7778,0.6364,0.7,0,9,5,0,1,False,1,0,0,0,0,5,False
exercise-1,sql,rq3-dec,1,2025-07-24T03-07-00,1,99.6601,mistral-7B-inst-v0.3-hf,mistral-7-inst,,,0.2,,,,0.9,,INSTALLATIONS,['INSTALLATIONS.InstallationDate'],"[{'from': 'SUPPLIERS.SupplierName', 'to': 'SUPPLIERS.SupplierName', 'label': 'fp'}, {'from': 'SUPPLIES.Brand', 'to': 'SUPPLIES.Brand', 'label': 'fp'}, {'from': 'COMPUTER.Brand', 'to': 'COMPUTER.Brand', 'label': 'fp'}, {'from': 'COMPUTER.Model', 'to': 'COMPUTER.Model', 'label': 'fp'}, {'from': 'SOFTWARE.CodSoftw', 'to': 'SOFTWARE.SoftwareDescription', 'label': 'tp'}, {'from': 'SOFTWARE.Type', 'to': 'SOFTWARE.Type', 'label': 'fp'}]","['installations', 'software.softwaredescription', 'supplies.brand', 'suppliers.suppliername', 'software.codsoftw', 'computer.model', 'software.type']","['installations.installationdate', 'computer.brand']","['installations.installationdate', 'suppliers.suppliercity', 'suppliers.supplieraddress', 'computer.codcomputer']",1,9,5,0.1667,0.1,0.125,7,4,2,0.7778,0.6364,0.7,0,9,5,0,1,False,1,0,0,0,0,5,False
exercise-1,sql,rq3-dec,1,2025-07-24T03-08-39,1,99.1815,mistral-7B-inst-v0.3-hf,mistral-7-inst,,,0.2,,,,0.9,,INSTALLATIONS,['INSTALLATIONS.InstallationDate'],"[{'from': 'SUPPLIERS.SupplierName', 'to': 'SUPPLIERS.SupplierName', 'label': 'fp'}, {'from': 'SUPPLIES.Brand', 'to': 'SUPPLIES.Brand', 'label': 'fp'}, {'from': 'COMPUTER.Brand', 'to': 'COMPUTER.Brand', 'label': 'fp'}, {'from': 'COMPUTER.Model', 'to': 'COMPUTER.Model', 'label': 'fp'}, {'from': 'SOFTWARE.CodSoftw', 'to': 'SOFTWARE.SoftwareDescription', 'label': 'tp'}, {'from': 'SOFTWARE.Type', 'to': 'SOFTWARE.Type', 'label': 'fp'}]","['installations', 'software.softwaredescription', 'supplies.brand', 'suppliers.suppliername', 'software.codsoftw', 'computer.model', 'software.type']","['installations.installationdate', 'computer.brand']","['installations.installationdate', 'suppliers.suppliercity', 'suppliers.supplieraddress', 'computer.codcomputer']",1,9,5,0.1667,0.1,0.125,7,4,2,0.7778,0.6364,0.7,0,9,5,0,1,False,1,0,0,0,0,5,False
exercise-2,sql,rq3-dec,2,2025-07-24T03-11-18,1,158.6098,mistral-7B-inst-v0.3-hf,mistral-7-inst,,,0.2,,,,0.9,,PURCHASE,"['PURCHASE.quantity', 'PURCHASE.revenue', 'ARTICLES.unitPrice']","[{'from': 'TYPES.typeId', 'to': 'TYPES.typeName', 'label': 'tp'}, {'from': 'ARTICLES.artId', 'to': 'ARTICLES.artName', 'label': 'tp'}, {'from': 'ARTICLES.artId', 'to': 'TYPES.typeId', 'label': 'fp'}, {'from': 'REGIONS.regId', 'to': 'REGIONS.regionName', 'label': 'tp'}, {'from': 'REGIONS.regId', 'to': 'REGIONS.state', 'label': 'tp'}, {'from': 'REGIONS.regId', 'to': 'REGIONS.country', 'label': 'fp'}, {'from': 'STORES.storeId', 'to': 'STORES.storeName', 'label': 'tp'}, {'from': 'STORES.storeId', 'to': 'STORES.storeAddress', 'label': 'tp'}, {'from': 'STORES.storeId', 'to': 'REGIONS.regId', 'label': 'fp'}, {'from': 'PURCHASE', 'to': 'PURCHASE.quantity', 'label': 'tp'}, {'from': 'PURCHASE', 'to': 'PURCHASE.revenue', 'label': 'tp'}, {'from': 'PURCHASE', 'to': 'ARTICLES.unitPrice', 'label': 'tp'}, {'from': 'PURCHASE', 'to': 'ARTICLES.artId', 'label': 'tp'}, {'from': 'PURCHASE', 'to': 'STORES.storeId', 'label': 'tp'}, {'from': 'PURCHASE', 'to': 'PURCHASE.date', 'label': 'tp'}]","['purchase.quantity', 'articles.artid', 'stores.storeid', 'purchase.revenue', 'regions.regionname', 'purchase', 'types.typeid', 'purchase.date', 'types.typename', 'stores.storename', 'articles.unitprice', 'articles.artname', 'regions.state', 'stores.storeaddress', 'regions.regid', 'regions.country']",[],[],12,3,3,0.8,0.8,0.8,16,0,0,1.0,1.0,1.0,0,3,3,0,0,False,0,0,0,0,0,0,False
exercise-2,sql,rq3-dec,2,2025-07-24T03-13-56,1,158.5767,mistral-7B-inst-v0.3-hf,mistral-7-inst,,,0.2,,,,0.9,,PURCHASE,"['PURCHASE.quantity', 'PURCHASE.revenue', 'ARTICLES.unitPrice']","[{'from': 'TYPES.typeId', 'to': 'TYPES.typeName', 'label': 'tp'}, {'from': 'ARTICLES.artId', 'to': 'ARTICLES.artName', 'label': 'tp'}, {'from': 'ARTICLES.artId', 'to': 'TYPES.typeId', 'label': 'fp'}, {'from': 'REGIONS.regId', 'to': 'REGIONS.regionName', 'label': 'tp'}, {'from': 'REGIONS.regId', 'to': 'REGIONS.state', 'label': 'tp'}, {'from': 'REGIONS.regId', 'to': 'REGIONS.country', 'label': 'fp'}, {'from': 'STORES.storeId', 'to': 'STORES.storeName', 'label': 'tp'}, {'from': 'STORES.storeId', 'to': 'STORES.storeAddress', 'label': 'tp'}, {'from': 'STORES.storeId', 'to': 'REGIONS.regId', 'label': 'fp'}, {'from': 'PURCHASE', 'to': 'PURCHASE.quantity', 'label': 'tp'}, {'from': 'PURCHASE', 'to': 'PURCHASE.revenue', 'label': 'tp'}, {'from': 'PURCHASE', 'to': 'ARTICLES.unitPrice', 'label': 'tp'}, {'from': 'PURCHASE', 'to': 'ARTICLES.artId', 'label': 'tp'}, {'from': 'PURCHASE', 'to': 'STORES.storeId', 'label': 'tp'}, {'from': 'PURCHASE', 'to': 'PURCHASE.date', 'label': 'tp'}]","['purchase.quantity', 'articles.artid', 'stores.storeid', 'purchase.revenue', 'regions.regionname', 'purchase', 'types.typeid', 'purchase.date', 'types.typename', 'stores.storename', 'articles.unitprice', 'articles.artname', 'regions.state', 'stores.storeaddress', 'regions.regid', 'regions.country']",[],[],12,3,3,0.8,0.8,0.8,16,0,0,1.0,1.0,1.0,0,3,3,0,0,False,0,0,0,0,0,0,False
exercise-2,sql,rq3-dec,2,2025-07-24T03-16-35,1,158.4964,mistral-7B-inst-v0.3-hf,mistral-7-inst,,,0.2,,,,0.9,,PURCHASE,"['PURCHASE.quantity', 'PURCHASE.revenue', 'ARTICLES.unitPrice']","[{'from': 'TYPES.typeId', 'to': 'TYPES.typeName', 'label': 'tp'}, {'from': 'ARTICLES.artId', 'to': 'ARTICLES.artName', 'label': 'tp'}, {'from': 'ARTICLES.artId', 'to': 'TYPES.typeId', 'label': 'fp'}, {'from': 'REGIONS.regId', 'to': 'REGIONS.regionName', 'label': 'tp'}, {'from': 'REGIONS.regId', 'to': 'REGIONS.state', 'label': 'tp'}, {'from': 'REGIONS.regId', 'to': 'REGIONS.country', 'label': 'fp'}, {'from': 'STORES.storeId', 'to': 'STORES.storeName', 'label': 'tp'}, {'from': 'STORES.storeId', 'to': 'STORES.storeAddress', 'label': 'tp'}, {'from': 'STORES.storeId', 'to': 'REGIONS.regId', 'label': 'fp'}, {'from': 'PURCHASE', 'to': 'PURCHASE.quantity', 'label': 'tp'}, {'from': 'PURCHASE', 'to': 'PURCHASE.revenue', 'label': 'tp'}, {'from': 'PURCHASE', 'to': 'ARTICLES.unitPrice', 'label': 'tp'}, {'from': 'PURCHASE', 'to': 'ARTICLES.artId', 'label': 'tp'}, {'from': 'PURCHASE', 'to': 'STORES.storeId', 'label': 'tp'}, {'from': 'PURCHASE', 'to': 'PURCHASE.date', 'label': 'tp'}]","['purchase.quantity', 'articles.artid', 'stores.storeid', 'purchase.revenue', 'regions.regionname', 'purchase', 'types.typeid', 'purchase.date', 'types.typename', 'stores.storename', 'articles.unitprice', 'articles.artname', 'regions.state', 'stores.storeaddress', 'regions.regid', 'regions.country']",[],[],12,3,3,0.8,0.8,0.8,16,0,0,1.0,1.0,1.0,0,3,3,0,0,False,0,0,0,0,0,0,False
exercise-2,sql,rq3-dec,2,2025-07-24T03-19-14,1,159.6695,mistral-7B-inst-v0.3-hf,mistral-7-inst,,,0.2,,,,0.9,,PURCHASE,"['PURCHASE.quantity', 'PURCHASE.revenue', 'ARTICLES.unitPrice']","[{'from': 'TYPES.typeId', 'to': 'TYPES.typeName', 'label': 'tp'}, {'from': 'ARTICLES.artId', 'to': 'ARTICLES.artName', 'label': 'tp'}, {'from': 'ARTICLES.artId', 'to': 'TYPES.typeId', 'label': 'fp'}, {'from': 'REGIONS.regId', 'to': 'REGIONS.regionName', 'label': 'tp'}, {'from': 'REGIONS.regId', 'to': 'REGIONS.state', 'label': 'tp'}, {'from': 'REGIONS.regId', 'to': 'REGIONS.country', 'label': 'fp'}, {'from': 'STORES.storeId', 'to': 'STORES.storeName', 'label': 'tp'}, {'from': 'STORES.storeId', 'to': 'STORES.storeAddress', 'label': 'tp'}, {'from': 'STORES.storeId', 'to': 'REGIONS.regId', 'label': 'fp'}, {'from': 'PURCHASE', 'to': 'PURCHASE.quantity', 'label': 'tp'}, {'from': 'PURCHASE', 'to': 'PURCHASE.revenue', 'label': 'tp'}, {'from': 'PURCHASE', 'to': 'ARTICLES.unitPrice', 'label': 'tp'}, {'from': 'PURCHASE', 'to': 'ARTICLES.artId', 'label': 'tp'}, {'from': 'PURCHASE', 'to': 'STORES.storeId', 'label': 'tp'}, {'from': 'PURCHASE', 'to': 'PURCHASE.date', 'label': 'tp'}]","['purchase.quantity', 'articles.artid', 'stores.storeid', 'purchase.revenue', 'regions.regionname', 'purchase', 'types.typeid', 'purchase.date', 'types.typename', 'stores.storename', 'articles.unitprice', 'articles.artname', 'regions.state', 'stores.storeaddress', 'regions.regid', 'regions.country']",[],[],12,3,3,0.8,0.8,0.8,16,0,0,1.0,1.0,1.0,0,3,3,0,0,False,0,0,0,0,0,0,False
exercise-2,sql,rq3-dec,2,2025-07-24T03-21-54,1,159.2164,mistral-7B-inst-v0.3-hf,mistral-7-inst,,,0.2,,,,0.9,,PURCHASE,"['PURCHASE.quantity', 'PURCHASE.revenue', 'ARTICLES.unitPrice']","[{'from': 'TYPES.typeId', 'to': 'TYPES.typeName', 'label': 'tp'}, {'from': 'ARTICLES.artId', 'to': 'ARTICLES.artName', 'label': 'tp'}, {'from': 'ARTICLES.artId', 'to': 'TYPES.typeId', 'label': 'fp'}, {'from': 'REGIONS.regId', 'to': 'REGIONS.regionName', 'label': 'tp'}, {'from': 'REGIONS.regId', 'to': 'REGIONS.state', 'label': 'tp'}, {'from': 'REGIONS.regId', 'to': 'REGIONS.country', 'label': 'fp'}, {'from': 'STORES.storeId', 'to': 'STORES.storeName', 'label': 'tp'}, {'from': 'STORES.storeId', 'to': 'STORES.storeAddress', 'label': 'tp'}, {'from': 'STORES.storeId', 'to': 'REGIONS.regId', 'label': 'fp'}, {'from': 'PURCHASE', 'to': 'PURCHASE.quantity', 'label': 'tp'}, {'from': 'PURCHASE', 'to': 'PURCHASE.revenue', 'label': 'tp'}, {'from': 'PURCHASE', 'to': 'ARTICLES.unitPrice', 'label': 'tp'}, {'from': 'PURCHASE', 'to': 'ARTICLES.artId', 'label': 'tp'}, {'from': 'PURCHASE', 'to': 'STORES.storeId', 'label': 'tp'}, {'from': 'PURCHASE', 'to': 'PURCHASE.date', 'label': 'tp'}]","['purchase.quantity', 'articles.artid', 'stores.storeid', 'purchase.revenue', 'regions.regionname', 'purchase', 'types.typeid', 'purchase.date', 'types.typename', 'stores.storename', 'articles.unitprice', 'articles.artname', 'regions.state', 'stores.storeaddress', 'regions.regid', 'regions.country']",[],[],12,3,3,0.8,0.8,0.8,16,0,0,1.0,1.0,1.0,0,3,3,0,0,False,0,0,0,0,0,0,False
exercise-3,sql,rq3-dec,3,2025-07-24T03-25-49,1,235.6032,mistral-7B-inst-v0.3-hf,mistral-7-inst,,,0.2,,,,0.9,,PURCHASES,['PURCHASES.Amount'],"[{'from': 'HOLDERS.HolderCode', 'to': 'HOLDERS.FirstName', 'label': 'tp'}, {'from': 'HOLDERS.HolderCode', 'to': 'HOLDERS.LastName', 'label': 'tp'}, {'from': 'HOLDERS.HolderCode', 'to': 'HOLDERS.BirthDate', 'label': 'tp'}, {'from': 'HOLDERS.HolderCode', 'to': 'HOLDERS.Job', 'label': 'tp'}, {'from': 'HOLDERS.HolderCode', 'to': 'HOLDERS.IncomeRange', 'label': 'tp'}, {'from': 'HOLDERS.HolderCode', 'to': 'HOLDERS.Quality', 'label': 'tp'}, {'from': 'CARDTYPES.TypeCode', 'to': 'CARDTYPES.Circuit', 'label': 'tp'}, {'from': 'CARDTYPES.TypeCode', 'to': 'CARDTYPES.IssuingBank', 'label': 'tp'}, {'from': 'CARDTYPES.TypeCode', 'to': 'CARDTYPES.Address', 'label': 'fp'}, {'from': 'CARDTYPES.TypeCode', 'to': 'CARDTYPES.Country', 'label': 'fp'}, {'from': 'CARDTYPES.TypeCode', 'to': 'CARDTYPES.CardName', 'label': 'tp'}, {'from': 'CARDTYPES.TypeCode', 'to': 'CARDTYPES.Color', 'label': 'tp'}, {'from': 'STORES.StoreCode', 'to': 'STORES.Name', 'label': 'tp'}, {'from': 'STORES.StoreCode', 'to': 'STORES.Address', 'label': 'tp'}, {'from': 'STORES.StoreCode', 'to': 'STORES.Country', 'label': 'tp'}, {'from': 'STORES.StoreCode', 'to': 'STORES.Area', 'label': 'fp'}, {'from': 'STORES.StoreCode', 'to': 'STORES.WebSite', 'label': 'tp'}, {'from': 'STORES.StoreCode', 'to': 'STORES.Email', 'label': 'tp'}, {'from': 'STORES.StoreCode', 'to': 'STORES.Type', 'label': 'tp'}, {'from': 'PURCHASES', 'to': 'PURCHASES.Date', 'label': 'tp'}, {'from': 'PURCHASES', 'to': 'PURCHASES.Amount', 'label': 'tp'}, {'from': 'PURCHASES', 'to': 'PURCHASES.Currency', 'label': 'tp'}, {'from': 'PURCHASES', 'to': 'PURCHASES.Exchange', 'label': 'tp'}, {'from': 'PURCHASES', 'to': 'CREDITCARDS.CCNumber', 'label': 'tp'}, {'from': 'PURCHASES', 'to': 'STORES.StoreCode', 'label': 'tp'}]","['purchases', 'holders.lastname', 'creditcards.ccnumber', 'holders.holdercode', 'cardtypes.country', 'stores.name', 'cardtypes.circuit', 'stores.country', 'cardtypes.cardname', 'stores.storecode', 'cardtypes.typecode', 'holders.birthdate', 'purchases.currency', 'cardtypes.address', 'stores.email', 'holders.incomerange', 'cardtypes.color', 'cardtypes.issuingbank', 'holders.quality', 'stores.type', 'purchases.date', 'holders.job', 'stores.area', 'stores.website', 'purchases.amount', 'stores.address', 'holders.firstname']",['purchases.exchange'],"['purchases.exchange', 'creditcards.expirationdate', 'creditcards.creditlimit']",22,7,3,0.88,0.7586,0.8148,27,3,1,0.9643,0.9,0.931,0,7,3,2,0,False,2,0,0,0,0,2,False
exercise-3,sql,rq3-dec,3,2025-07-24T03-29-54,1,244.4529,mistral-7B-inst-v0.3-hf,mistral-7-inst,,,0.2,,,,0.9,,PURCHASES,['PURCHASES.Amount'],"[{'from': 'HOLDERS.HolderCode', 'to': 'HOLDERS.FirstName', 'label': 'tp'}, {'from': 'HOLDERS.HolderCode', 'to': 'HOLDERS.LastName', 'label': 'tp'}, {'from': 'HOLDERS.HolderCode', 'to': 'HOLDERS.BirthDate', 'label': 'tp'}, {'from': 'HOLDERS.HolderCode', 'to': 'HOLDERS.Job', 'label': 'tp'}, {'from': 'HOLDERS.HolderCode', 'to': 'HOLDERS.IncomeRange', 'label': 'tp'}, {'from': 'HOLDERS.HolderCode', 'to': 'HOLDERS.Quality', 'label': 'tp'}, {'from': 'CARDTYPES.TypeCode', 'to': 'CARDTYPES.Circuit', 'label': 'tp'}, {'from': 'CARDTYPES.TypeCode', 'to': 'CARDTYPES.IssuingBank', 'label': 'tp'}, {'from': 'CARDTYPES.TypeCode', 'to': 'CARDTYPES.Address', 'label': 'fp'}, {'from': 'CARDTYPES.TypeCode', 'to': 'CARDTYPES.Country', 'label': 'fp'}, {'from': 'CARDTYPES.TypeCode', 'to': 'CARDTYPES.CardName', 'label': 'tp'}, {'from': 'CARDTYPES.TypeCode', 'to': 'CARDTYPES.Color', 'label': 'tp'}, {'from': 'STORES.StoreCode', 'to': 'STORES.Name', 'label': 'tp'}, {'from': 'STORES.StoreCode', 'to': 'STORES.Address', 'label': 'tp'}, {'from': 'STORES.StoreCode', 'to': 'STORES.Country', 'label': 'tp'}, {'from': 'STORES.StoreCode', 'to': 'STORES.Area', 'label': 'fp'}, {'from': 'STORES.StoreCode', 'to': 'STORES.WebSite', 'label': 'tp'}, {'from': 'STORES.StoreCode', 'to': 'STORES.Email', 'label': 'tp'}, {'from': 'CREDITCARDS', 'to': 'CREDITCARDS.CreditLimit', 'label': 'fp'}, {'from': 'CREDITCARDS', 'to': 'CREDITCARDS.ExpirationDate', 'label': 'fp'}, {'from': 'PURCHASES', 'to': 'PURCHASES.Date', 'label': 'tp'}, {'from': 'PURCHASES', 'to': 'PURCHASES.Amount', 'label': 'tp'}, {'from': 'PURCHASES', 'to': 'PURCHASES.Currency', 'label': 'tp'}, {'from': 'PURCHASES', 'to': 'PURCHASES.Exchange', 'label': 'tp'}, {'from': 'PURCHASES', 'to': 'CREDITCARDS.CCNumber', 'label': 'tp'}, {'from': 'PURCHASES', 'to': 'STORES.StoreCode', 'label': 'tp'}]","['purchases', 'holders.lastname', 'creditcards.ccnumber', 'holders.holdercode', 'cardtypes.country', 'stores.name', 'cardtypes.circuit', 'stores.country', 'cardtypes.cardname', 'stores.storecode', 'cardtypes.typecode', 'holders.birthdate', 'purchases.currency', 'creditcards.expirationdate', 'cardtypes.address', 'stores.email', 'holders.incomerange', 'cardtypes.color', 'cardtypes.issuingbank', 'holders.quality', 'purchases.date', 'holders.job', 'stores.area', 'stores.website', 'purchases.amount', 'stores.address', 'holders.firstname']","['purchases.exchange', 'creditcards.creditlimit', 'creditcards']","['purchases.exchange', 'creditcards.creditlimit', 'stores.type']",21,8,5,0.8077,0.7241,0.7636,27,3,3,0.9,0.9,0.9,0,8,5,2,0,False,3,0,0,0,0,3,False
exercise-3,sql,rq3-dec,3,2025-07-24T03-33-47,1,233.3127,mistral-7B-inst-v0.3-hf,mistral-7-inst,,,0.2,,,,0.9,,PURCHASES,['PURCHASES.Amount'],"[{'from': 'HOLDERS.HolderCode', 'to': 'HOLDERS.FirstName', 'label': 'tp'}, {'from': 'HOLDERS.HolderCode', 'to': 'HOLDERS.LastName', 'label': 'tp'}, {'from': 'HOLDERS.HolderCode', 'to': 'HOLDERS.BirthDate', 'label': 'tp'}, {'from': 'HOLDERS.HolderCode', 'to': 'HOLDERS.Job', 'label': 'tp'}, {'from': 'HOLDERS.HolderCode', 'to': 'HOLDERS.IncomeRange', 'label': 'tp'}, {'from': 'HOLDERS.HolderCode', 'to': 'HOLDERS.Quality', 'label': 'tp'}, {'from': 'CARDTYPES.TypeCode', 'to': 'CARDTYPES.Circuit', 'label': 'tp'}, {'from': 'CARDTYPES.TypeCode', 'to': 'CARDTYPES.IssuingBank', 'label': 'tp'}, {'from': 'CARDTYPES.TypeCode', 'to': 'CARDTYPES.Address', 'label': 'fp'}, {'from': 'CARDTYPES.TypeCode', 'to': 'CARDTYPES.Country', 'label': 'fp'}, {'from': 'CARDTYPES.TypeCode', 'to': 'CARDTYPES.CardName', 'label': 'tp'}, {'from': 'CARDTYPES.TypeCode', 'to': 'CARDTYPES.Color', 'label': 'tp'}, {'from': 'STORES.StoreCode', 'to': 'STORES.Name', 'label': 'tp'}, {'from': 'STORES.StoreCode', 'to': 'STORES.Address', 'label': 'tp'}, {'from': 'STORES.StoreCode', 'to': 'STORES.Country', 'label': 'tp'}, {'from': 'STORES.StoreCode', 'to': 'STORES.Area', 'label': 'fp'}, {'from': 'STORES.StoreCode', 'to': 'STORES.WebSite', 'label': 'tp'}, {'from': 'STORES.StoreCode', 'to': 'STORES.Email', 'label': 'tp'}, {'from': 'STORES.StoreCode', 'to': 'STORES.Type', 'label': 'tp'}, {'from': 'PURCHASES', 'to': 'PURCHASES.Date', 'label': 'tp'}, {'from': 'PURCHASES', 'to': 'PURCHASES.Amount', 'label': 'tp'}, {'from': 'PURCHASES', 'to': 'PURCHASES.Currency', 'label': 'tp'}, {'from': 'PURCHASES', 'to': 'PURCHASES.Exchange', 'label': 'tp'}, {'from': 'PURCHASES', 'to': 'CREDITCARDS.CCNumber', 'label': 'tp'}, {'from': 'PURCHASES', 'to': 'STORES.StoreCode', 'label': 'tp'}]","['purchases', 'holders.lastname', 'creditcards.ccnumber', 'holders.holdercode', 'cardtypes.country', 'stores.name', 'cardtypes.circuit', 'stores.country', 'cardtypes.cardname', 'stores.storecode', 'cardtypes.typecode', 'holders.birthdate', 'purchases.currency', 'cardtypes.address', 'stores.email', 'holders.incomerange', 'cardtypes.color', 'cardtypes.issuingbank', 'holders.quality', 'stores.type', 'purchases.date', 'holders.job', 'stores.area', 'stores.website', 'purchases.amount', 'stores.address', 'holders.firstname']",['purchases.exchange'],"['purchases.exchange', 'creditcards.expirationdate', 'creditcards.creditlimit']",22,7,3,0.88,0.7586,0.8148,27,3,1,0.9643,0.9,0.931,0,7,3,2,0,False,2,0,0,0,0,2,False
exercise-3,sql,rq3-dec,3,2025-07-24T03-45-20,1,232.2424,mistral-7B-inst-v0.3-hf,mistral-7-inst,,,0.2,,,,0.9,,PURCHASES,['PURCHASES.Amount'],"[{'from': 'HOLDERS.HolderCode', 'to': 'HOLDERS.FirstName', 'label': 'tp'}, {'from': 'HOLDERS.HolderCode', 'to': 'HOLDERS.LastName', 'label': 'tp'}, {'from': 'HOLDERS.HolderCode', 'to': 'HOLDERS.BirthDate', 'label': 'tp'}, {'from': 'HOLDERS.HolderCode', 'to': 'HOLDERS.Job', 'label': 'tp'}, {'from': 'HOLDERS.HolderCode', 'to': 'HOLDERS.IncomeRange', 'label': 'tp'}, {'from': 'HOLDERS.HolderCode', 'to': 'HOLDERS.Quality', 'label': 'tp'}, {'from': 'CARDTYPES.TypeCode', 'to': 'CARDTYPES.Circuit', 'label': 'tp'}, {'from': 'CARDTYPES.TypeCode', 'to': 'CARDTYPES.IssuingBank', 'label': 'tp'}, {'from': 'CARDTYPES.TypeCode', 'to': 'CARDTYPES.Address', 'label': 'fp'}, {'from': 'CARDTYPES.TypeCode', 'to': 'CARDTYPES.Country', 'label': 'fp'}, {'from': 'CARDTYPES.TypeCode', 'to': 'CARDTYPES.CardName', 'label': 'tp'}, {'from': 'CARDTYPES.TypeCode', 'to': 'CARDTYPES.Color', 'label': 'tp'}, {'from': 'STORES.StoreCode', 'to': 'STORES.Name', 'label': 'tp'}, {'from': 'STORES.StoreCode', 'to': 'STORES.Address', 'label': 'tp'}, {'from': 'STORES.StoreCode', 'to': 'STORES.Country', 'label': 'tp'}, {'from': 'STORES.StoreCode', 'to': 'STORES.Area', 'label': 'fp'}, {'from': 'STORES.StoreCode', 'to': 'STORES.WebSite', 'label': 'tp'}, {'from': 'STORES.StoreCode', 'to': 'STORES.Email', 'label': 'tp'}, {'from': 'STORES.StoreCode', 'to': 'STORES.Type', 'label': 'tp'}, {'from': 'PURCHASES', 'to': 'PURCHASES.Date', 'label': 'tp'}, {'from': 'PURCHASES', 'to': 'PURCHASES.Amount', 'label': 'tp'}, {'from': 'PURCHASES', 'to': 'PURCHASES.Currency', 'label': 'tp'}, {'from': 'PURCHASES', 'to': 'PURCHASES.Exchange', 'label': 'tp'}, {'from': 'PURCHASES', 'to': 'CREDITCARDS.CCNumber', 'label': 'tp'}, {'from': 'PURCHASES', 'to': 'STORES.StoreCode', 'label': 'tp'}]","['purchases', 'holders.lastname', 'creditcards.ccnumber', 'holders.holdercode', 'cardtypes.country', 'stores.name', 'cardtypes.circuit', 'stores.country', 'cardtypes.cardname', 'stores.storecode', 'cardtypes.typecode', 'holders.birthdate', 'purchases.currency', 'cardtypes.address', 'stores.email', 'holders.incomerange', 'cardtypes.color', 'cardtypes.issuingbank', 'holders.quality', 'stores.type', 'purchases.date', 'holders.job', 'stores.area', 'stores.website', 'purchases.amount', 'stores.address', 'holders.firstname']",['purchases.exchange'],"['purchases.exchange', 'creditcards.expirationdate', 'creditcards.creditlimit']",22,7,3,0.88,0.7586,0.8148,27,3,1,0.9643,0.9,0.931,0,7,3,2,0,False,2,0,0,0,0,2,False
exercise-4,sql,rq3-dec,4,2025-07-24T03-49-48,1,267.7866,mistral-7B-inst-v0.3-hf,mistral-7-inst,,,0.2,,,,0.9,,ARRIVALS,"['ARRIVALS.Time', 'ARRIVALS.Score']","[{'from': 'RACINGCIRCUITS.CircuitName', 'to': 'RACINGCIRCUITS.City', 'label': 'tp'}, {'from': 'RACINGCIRCUITS.CircuitName', 'to': 'RACINGCIRCUITS.Length', 'label': 'fp'}, {'from': 'RACINGCIRCUITS.CircuitName', 'to': 'RACINGCIRCUITS.Description', 'label': 'tp'}, {'from': 'GRANDPRIXS.Date', 'to': 'GRANDPRIXS.CircuitName', 'label': 'fp'}, {'from': 'GRANDPRIXS.CircuitName', 'to': 'RACINGCIRCUITS.CircuitName', 'label': 'fp'}, {'from': 'GRANDPRIXS.CircuitName', 'to': 'GRANDPRIXS.NumberOfLaps', 'label': 'fp'}, {'from': 'DRIVERS.Name', 'to': 'DRIVERS.Surname', 'label': 'fp'}, {'from': 'DRIVERS.Name', 'to': 'DRIVERS.BirthDate', 'label': 'fp'}, {'from': 'RACINGSTABLES.StableName', 'to': 'RACINGSTABLES.MainAddress', 'label': 'tp'}, {'from': 'RACINGSTABLES.StableName', 'to': 'RACINGSTABLES.Manager', 'label': 'tp'}, {'from': 'CARS.Number', 'to': 'RACINGSTABLES.StableName', 'label': 'tp'}, {'from': 'DRIVES.Name', 'to': 'DRIVERS.Name', 'label': 'fp'}, {'from': 'DRIVES.Name', 'to': 'DRIVERS.Surname', 'label': 'fp'}, {'from': 'DRIVES.Number', 'to': 'CARS.Number', 'label': 'fp'}, {'from': 'DRIVES.Year', 'to': 'DRIVES.FromDate', 'label': 'fp'}, {'from': 'DRIVES.Year', 'to': 'DRIVES.ToDate', 'label': 'fp'}, {'from': 'ARRIVALS.Date', 'to': 'GRANDPRIXS.Date', 'label': 'fp'}, {'from': 'ARRIVALS.Date', 'to': 'GRANDPRIXS.CircuitName', 'label': 'fp'}, {'from': 'ARRIVALS.Name', 'to': 'DRIVERS.Name', 'label': 'fp'}, {'from': 'ARRIVALS.Name', 'to': 'DRIVERS.Surname', 'label': 'fp'}, {'from': 'ARRIVALS.Number', 'to': 'DRIVES.Number', 'label': 'fp'}, {'from': 'ARRIVALS.Year', 'to': 'DRIVES.Year', 'label': 'fp'}, {'from': 'ARRIVALS.Position', 'to': 'ARRIVALS.Position', 'label': 'fp'}, {'from': 'ARRIVALS.Time', 'to': 'ARRIVALS.Time', 'label': 'fp'}, {'from': 'ARRIVALS.Score', 'to': 'ARRIVALS.Score', 'label': 'fp'}]","['arrivals.score', 'drivers.name', 'racingstables.stablename', 'grandprixs.date', 'drivers.surname', 'drivers.birthdate', 'arrivals', 'cars.number', 'racingcircuits.circuitname', 'racingcircuits.description', 'racingstables.manager', 'racingcircuits.city', 'drives.fromdate', 'racingstables.mainaddress', 'drives.todate', 'drives.year', 'arrivals.time']","['arrivals.year', 'drives.number', 'grandprixs.circuitname', 'arrivals.name', 'arrivals.date', 'drives.name', 'grandprixs.numberoflaps', 'racingcircuits.length', 'arrivals.number', 'arrivals.position']","['grandprixs.circuitname,grandprixs.date', 'drives.number,drives.year,drives.surname,drives.name', 'grandprixs.numberoflaps', 'racingcircuits.length', 'drivers.surname,drivers.name', 'arrivals.position']",5,17,20,0.2,0.2273,0.2128,17,6,10,0.6296,0.7391,0.68,0,17,20,3,0,False,5,0,3,0,0,6,False
exercise-4,sql,rq3-dec,4,2025-07-24T03-54-32,1,284.0848,mistral-7B-inst-v0.3-hf,mistral-7-inst,,,0.2,,,,0.9,,ARRIVALS,"['GRANDPRIXS.NumberOfLaps', 'ARRIVALS.Time', 'ARRIVALS.Score']","[{'from': 'RACINGCIRCUITS.CircuitName', 'to': 'RACINGCIRCUITS.City', 'label': 'tp'}, {'from': 'RACINGCIRCUITS.CircuitName', 'to': 'RACINGCIRCUITS.Length', 'label': 'fp'}, {'from': 'RACINGCIRCUITS.CircuitName', 'to': 'RACINGCIRCUITS.Description', 'label': 'tp'}, {'from': 'GRANDPRIXS.Date', 'to': 'GRANDPRIXS.CircuitName', 'label': 'fp'}, {'from': 'GRANDPRIXS.CircuitName', 'to': 'RACINGCIRCUITS.CircuitName', 'label': 'fp'}, {'from': 'GRANDPRIXS.CircuitName', 'to': 'GRANDPRIXS.NumberOfLaps', 'label': 'fp'}, {'from': 'DRIVERS.Name', 'to': 'DRIVERS.Surname', 'label': 'fp'}, {'from': 'DRIVERS.Name', 'to': 'DRIVERS.BirthDate', 'label': 'fp'}, {'from': 'RACINGSTABLES.StableName', 'to': 'RACINGSTABLES.MainAddress', 'label': 'tp'}, {'from': 'RACINGSTABLES.StableName', 'to': 'RACINGSTABLES.Manager', 'label': 'tp'}, {'from': 'CARS.Number', 'to': 'RACINGSTABLES.StableName', 'label': 'tp'}, {'from': 'DRIVES.Name', 'to': 'DRIVERS.Name', 'label': 'fp'}, {'from': 'DRIVES.Surname', 'to': 'DRIVERS.Surname', 'label': 'fp'}, {'from': 'DRIVES.Number', 'to': 'CARS.Number', 'label': 'fp'}, {'from': 'DRIVES.Year', 'to': 'DRIVES.FromDate', 'label': 'fp'}, {'from': 'DRIVES.Year', 'to': 'DRIVES.ToDate', 'label': 'fp'}, {'from': 'ARRIVALS.Date', 'to': 'GRANDPRIXS.Date', 'label': 'fp'}, {'from': 'ARRIVALS.Date', 'to': 'ARRIVALS.CircuitName', 'label': 'fp'}, {'from': 'ARRIVALS.CircuitName', 'to': 'GRANDPRIXS.CircuitName', 'label': 'fp'}, {'from': 'ARRIVALS.Name', 'to': 'DRIVES.Name', 'label': 'fp'}, {'from': 'ARRIVALS.Surname', 'to': 'DRIVES.Surname', 'label': 'fp'}, {'from': 'ARRIVALS.Number', 'to': 'DRIVES.Number', 'label': 'fp'}, {'from': 'ARRIVALS.Year', 'to': 'DRIVES.Year', 'label': 'fp'}, {'from': 'ARRIVALS.Position', 'to': 'ARRIVALS.Position', 'label': 'fp'}, {'from': 'ARRIVALS.Time', 'to': 'ARRIVALS.Time', 'label': 'fp'}, {'from': 'ARRIVALS.Score', 'to': 'ARRIVALS.Score', 'label': 'fp'}]","['arrivals.score', 'drivers.name', 'racingstables.stablename', 'grandprixs.date', 'drivers.surname', 'drivers.birthdate', 'arrivals', 'cars.number', 'racingcircuits.circuitname', 'racingcircuits.description', 'racingstables.manager', 'racingcircuits.city', 'grandprixs.numberoflaps', 'racingstables.mainaddress', 'drives.todate', 'drives.fromdate', 'drives.year', 'arrivals.time']","['arrivals.year', 'drives.number', 'drives.surname', 'grandprixs.circuitname', 'arrivals.name', 'arrivals.date', 'drives.name', 'arrivals.surname', 'arrivals.number', 'racingcircuits.length', 'arrivals.circuitname', 'arrivals.position']","['grandprixs.circuitname,grandprixs.date', 'drives.number,drives.year,drives.surname,drives.name', 'racingcircuits.length', 'drivers.surname,drivers.name', 'arrivals.position']",5,17,21,0.1923,0.2273,0.2083,18,5,12,0.6,0.7826,0.6792,0,17,21,2,0,False,5,0,2,0,0,6,False
exercise-4,sql,rq3-dec,4,2025-07-24T03-58-49,1,256.8554,mistral-7B-inst-v0.3-hf,mistral-7-inst,,,0.2,,,,0.9,,ARRIVALS,"['ARRIVALS.Time', 'ARRIVALS.Score']","[{'from': 'RACINGCIRCUITS.CircuitName', 'to': 'RACINGCIRCUITS.City', 'label': 'tp'}, {'from': 'RACINGCIRCUITS.CircuitName', 'to': 'RACINGCIRCUITS.Length', 'label': 'fp'}, {'from': 'RACINGCIRCUITS.CircuitName', 'to': 'RACINGCIRCUITS.Description', 'label': 'tp'}, {'from': 'GRANDPRIXS.Date', 'to': 'GRANDPRIXS.CircuitName', 'label': 'fp'}, {'from': 'GRANDPRIXS.CircuitName', 'to': 'RACINGCIRCUITS.CircuitName', 'label': 'fp'}, {'from': 'GRANDPRIXS.CircuitName', 'to': 'GRANDPRIXS.NumberOfLaps', 'label': 'fp'}, {'from': 'DRIVERS.Name', 'to': 'DRIVERS.Surname', 'label': 'fp'}, {'from': 'DRIVERS.Name', 'to': 'DRIVERS.BirthDate', 'label': 'fp'}, {'from': 'RACINGSTABLES.StableName', 'to': 'RACINGSTABLES.MainAddress', 'label': 'tp'}, {'from': 'RACINGSTABLES.StableName', 'to': 'RACINGSTABLES.Manager', 'label': 'tp'}, {'from': 'CARS.Number', 'to': 'RACINGSTABLES.StableName', 'label': 'tp'}, {'from': 'DRIVES.Name', 'to': 'DRIVERS.Name', 'label': 'fp'}, {'from': 'DRIVES.Name', 'to': 'DRIVERS.Surname', 'label': 'fp'}, {'from': 'DRIVES.Number', 'to': 'CARS.Number', 'label': 'fp'}, {'from': 'DRIVES.Year', 'to': 'DRIVES.FromDate', 'label': 'fp'}, {'from': 'DRIVES.Year', 'to': 'DRIVES.ToDate', 'label': 'fp'}, {'from': 'ARRIVALS.Date', 'to': 'GRANDPRIXS.Date', 'label': 'fp'}, {'from': 'ARRIVALS.Date', 'to': 'GRANDPRIXS.CircuitName', 'label': 'fp'}, {'from': 'ARRIVALS.Name', 'to': 'DRIVERS.Name', 'label': 'fp'}, {'from': 'ARRIVALS.Name', 'to': 'DRIVERS.Surname', 'label': 'fp'}, {'from': 'ARRIVALS.Number', 'to': 'DRIVES.Number', 'label': 'fp'}, {'from': 'ARRIVALS.Year', 'to': 'DRIVES.Year', 'label': 'fp'}, {'from': 'ARRIVALS.Position', 'to': 'E,R,R,O,R', 'label': 'fp'}, {'from': 'ARRIVALS.Time', 'to': 'E,R,R,O,R', 'label': 'fp'}, {'from': 'ARRIVALS.Score', 'to': 'E,R,R,O,R', 'label': 'fp'}]","['arrivals.score', 'drivers.name', 'racingstables.stablename', 'grandprixs.date', 'drivers.surname', 'drivers.birthdate', 'arrivals', 'cars.number', 'racingcircuits.circuitname', 'racingcircuits.description', 'racingstables.manager', 'racingcircuits.city', 'drives.fromdate', 'racingstables.mainaddress', 'drives.todate', 'drives.year', 'arrivals.time']","['arrivals.year', 'drives.number', 'grandprixs.circuitname', 'arrivals.name', 'arrivals.date', 'drives.name', 'grandprixs.numberoflaps', 'racingcircuits.length', 'arrivals.number', 'r,e,o', 'arrivals.position']","['grandprixs.circuitname,grandprixs.date', 'drives.number,drives.year,drives.surname,drives.name', 'grandprixs.numberoflaps', 'racingcircuits.length', 'drivers.surname,drivers.name', 'arrivals.position']",5,17,20,0.2,0.2273,0.2128,17,6,11,0.6071,0.7391,0.6667,0,17,20,3,0,False,8,0,4,0,0,4,False
exercise-4,sql,rq3-dec,4,2025-07-24T04-03-16,1,266.9248,mistral-7B-inst-v0.3-hf,mistral-7-inst,,,0.2,,,,0.9,,ARRIVALS,"['ARRIVALS.Time', 'ARRIVALS.Score']","[{'from': 'RACINGCIRCUITS.CircuitName', 'to': 'RACINGCIRCUITS.City', 'label': 'tp'}, {'from': 'RACINGCIRCUITS.CircuitName', 'to': 'RACINGCIRCUITS.Length', 'label': 'fp'}, {'from': 'RACINGCIRCUITS.CircuitName', 'to': 'RACINGCIRCUITS.Description', 'label': 'tp'}, {'from': 'GRANDPRIXS.Date', 'to': 'GRANDPRIXS.CircuitName', 'label': 'fp'}, {'from': 'GRANDPRIXS.CircuitName', 'to': 'RACINGCIRCUITS.CircuitName', 'label': 'fp'}, {'from': 'GRANDPRIXS.CircuitName', 'to': 'GRANDPRIXS.NumberOfLaps', 'label': 'fp'}, {'from': 'DRIVERS.Name', 'to': 'DRIVERS.Surname', 'label': 'fp'}, {'from': 'DRIVERS.Name', 'to': 'DRIVERS.BirthDate', 'label': 'fp'}, {'from': 'RACINGSTABLES.StableName', 'to': 'RACINGSTABLES.MainAddress', 'label': 'tp'}, {'from': 'RACINGSTABLES.StableName', 'to': 'RACINGSTABLES.Manager', 'label': 'tp'}, {'from': 'CARS.Number', 'to': 'RACINGSTABLES.StableName', 'label': 'tp'}, {'from': 'DRIVES.Name', 'to': 'DRIVERS.Name', 'label': 'fp'}, {'from': 'DRIVES.Name', 'to': 'DRIVERS.Surname', 'label': 'fp'}, {'from': 'DRIVES.Number', 'to': 'CARS.Number', 'label': 'fp'}, {'from': 'DRIVES.Year', 'to': 'DRIVES.FromDate', 'label': 'fp'}, {'from': 'DRIVES.Year', 'to': 'DRIVES.ToDate', 'label': 'fp'}, {'from': 'ARRIVALS.Date', 'to': 'GRANDPRIXS.Date', 'label': 'fp'}, {'from': 'ARRIVALS.Date', 'to': 'ARRIVALS.CircuitName', 'label': 'fp'}, {'from': 'ARRIVALS.Name', 'to': 'DRIVERS.Name', 'label': 'fp'}, {'from': 'ARRIVALS.Name', 'to': 'DRIVERS.Surname', 'label': 'fp'}, {'from': 'ARRIVALS.Number', 'to': 'DRIVES.Number', 'label': 'fp'}, {'from': 'ARRIVALS.Year', 'to': 'DRIVES.Year', 'label': 'fp'}, {'from': 'ARRIVALS.Position', 'to': 'ARRIVALS.Position', 'label': 'fp'}, {'from': 'ARRIVALS.Time', 'to': 'ARRIVALS.Time', 'label': 'fp'}, {'from': 'ARRIVALS.Score', 'to': 'ARRIVALS.Score', 'label': 'fp'}]","['arrivals.score', 'drivers.name', 'racingstables.stablename', 'grandprixs.date', 'drivers.surname', 'drivers.birthdate', 'arrivals', 'cars.number', 'racingcircuits.circuitname', 'racingcircuits.description', 'racingstables.manager', 'racingcircuits.city', 'drives.fromdate', 'racingstables.mainaddress', 'drives.todate', 'drives.year', 'arrivals.time']","['arrivals.year', 'drives.number', 'grandprixs.circuitname', 'arrivals.name', 'arrivals.date', 'drives.name', 'grandprixs.numberoflaps', 'racingcircuits.length', 'arrivals.number', 'arrivals.circuitname', 'arrivals.position']","['grandprixs.circuitname,grandprixs.date', 'drives.number,drives.year,drives.surname,drives.name', 'grandprixs.numberoflaps', 'racingcircuits.length', 'drivers.surname,drivers.name', 'arrivals.position']",5,17,20,0.2,0.2273,0.2128,17,6,11,0.6071,0.7391,0.6667,0,17,20,3,0,False,5,0,2,0,0,6,False
exercise-4,sql,rq3-dec,4,2025-07-24T04-07-43,1,266.5479,mistral-7B-inst-v0.3-hf,mistral-7-inst,,,0.2,,,,0.9,,ARRIVALS,"['ARRIVALS.Time', 'ARRIVALS.Score']","[{'from': 'RACINGCIRCUITS.CircuitName', 'to': 'RACINGCIRCUITS.City', 'label': 'tp'}, {'from': 'RACINGCIRCUITS.CircuitName', 'to': 'RACINGCIRCUITS.Length', 'label': 'fp'}, {'from': 'RACINGCIRCUITS.CircuitName', 'to': 'RACINGCIRCUITS.Description', 'label': 'tp'}, {'from': 'GRANDPRIXS.Date', 'to': 'GRANDPRIXS.CircuitName', 'label': 'fp'}, {'from': 'GRANDPRIXS.CircuitName', 'to': 'RACINGCIRCUITS.CircuitName', 'label': 'fp'}, {'from': 'GRANDPRIXS.CircuitName', 'to': 'GRANDPRIXS.NumberOfLaps', 'label': 'fp'}, {'from': 'DRIVERS.Name', 'to': 'DRIVERS.Surname', 'label': 'fp'}, {'from': 'DRIVERS.Name', 'to': 'DRIVERS.BirthDate', 'label': 'fp'}, {'from': 'RACINGSTABLES.StableName', 'to': 'RACINGSTABLES.MainAddress', 'label': 'tp'}, {'from': 'RACINGSTABLES.StableName', 'to': 'RACINGSTABLES.Manager', 'label': 'tp'}, {'from': 'CARS.Number', 'to': 'RACINGSTABLES.StableName', 'label': 'tp'}, {'from': 'DRIVES.Name', 'to': 'DRIVERS.Name', 'label': 'fp'}, {'from': 'DRIVES.Name', 'to': 'DRIVERS.Surname', 'label': 'fp'}, {'from': 'DRIVES.Number', 'to': 'CARS.Number', 'label': 'fp'}, {'from': 'DRIVES.Year', 'to': 'DRIVES.FromDate', 'label': 'fp'}, {'from': 'DRIVES.Year', 'to': 'DRIVES.ToDate', 'label': 'fp'}, {'from': 'ARRIVALS.Date', 'to': 'GRANDPRIXS.Date', 'label': 'fp'}, {'from': 'ARRIVALS.Date', 'to': 'ARRIVALS.CircuitName', 'label': 'fp'}, {'from': 'ARRIVALS.Name', 'to': 'DRIVERS.Name', 'label': 'fp'}, {'from': 'ARRIVALS.Name', 'to': 'DRIVERS.Surname', 'label': 'fp'}, {'from': 'ARRIVALS.Number', 'to': 'DRIVES.Number', 'label': 'fp'}, {'from': 'ARRIVALS.Year', 'to': 'DRIVES.Year', 'label': 'fp'}, {'from': 'ARRIVALS.Position', 'to': 'ARRIVALS.Position', 'label': 'fp'}, {'from': 'ARRIVALS.Time', 'to': 'ARRIVALS.Time', 'label': 'fp'}, {'from': 'ARRIVALS.Score', 'to': 'ARRIVALS.Score', 'label': 'fp'}]","['arrivals.score', 'drivers.name', 'racingstables.stablename', 'grandprixs.date', 'drivers.surname', 'drivers.birthdate', 'arrivals', 'cars.number', 'racingcircuits.circuitname', 'racingcircuits.description', 'racingstables.manager', 'racingcircuits.city', 'drives.fromdate', 'racingstables.mainaddress', 'drives.todate', 'drives.year', 'arrivals.time']","['arrivals.year', 'drives.number', 'grandprixs.circuitname', 'arrivals.name', 'arrivals.date', 'drives.name', 'grandprixs.numberoflaps', 'racingcircuits.length', 'arrivals.number', 'arrivals.circuitname', 'arrivals.position']","['grandprixs.circuitname,grandprixs.date', 'drives.number,drives.year,drives.surname,drives.name', 'grandprixs.numberoflaps', 'racingcircuits.length', 'drivers.surname,drivers.name', 'arrivals.position']",5,17,20,0.2,0.2273,0.2128,17,6,11,0.6071,0.7391,0.6667,0,17,20,3,0,False,5,0,2,0,0,6,False
exercise-5,sql,rq3-dec,5,2025-07-24T04-13-41,1,358.3539,mistral-7B-inst-v0.3-hf,mistral-7-inst,,,0.2,,,,0.9,,EXERCISEINPERSONALTRAINING,"['MEMBERS.height', 'MEMBERS.weight']","[{'from': 'MEMBERS.FiscalCode', 'to': 'MEMBERS.name', 'label': 'tp'}, {'from': 'MEMBERS.FiscalCode', 'to': 'MEMBERS.surname', 'label': 'tp'}, {'from': 'MEMBERS.FiscalCode', 'to': 'MEMBERS.gender', 'label': 'tp'}, {'from': 'MEMBERS.FiscalCode', 'to': 'MEMBERS.address', 'label': 'tp'}, {'from': 'MEMBERS.FiscalCode', 'to': 'MEMBERS.postalCode', 'label': 'tp'}, {'from': 'MEMBERS.FiscalCode', 'to': 'MEMBERS.city', 'label': 'fp'}, {'from': 'EXERCISES.exerciseId', 'to': 'EXERCISES.name', 'label': 'fp'}, {'from': 'EXERCISES.exerciseId', 'to': 'EXERCISES.exerciseType', 'label': 'fp'}, {'from': 'MAXIMUMWEIGHTS.FiscalCode,MAXIMUMWEIGHTS.exerciseId,MAXIMUMWEIGHTS.date', 'to': 'MAXIMUMWEIGHTS.weight', 'label': 'fp'}, {'from': 'WOD.date', 'to': 'WOD.name', 'label': 'tp'}, {'from': 'WOD.date', 'to': 'WOD.WODtype', 'label': 'tp'}, {'from': 'WOD.date', 'to': 'WOD.numberOfRounds', 'label': 'fp'}, {'from': 'EXERCISEINWOD.date,EXERCISEINWOD.exerciseId,EXERCISEINWOD.positionInSequence', 'to': 'EXERCISEINWOD.numberOfRepetitions', 'label': 'fp'}, {'from': 'WORKOUTS.date', 'to': 'WORKOUTS.time', 'label': 'fp'}, {'from': 'PRESENCE.FiscalCode,PRESENCE.date,PRESENCE.time', 'to': 'PRESENCE.time', 'label': 'fp'}, {'from': 'PERSONALTRAINING.FiscalCode,PERSONALTRAINING.date,PERSONALTRAINING.time', 'to': 'PERSONALTRAINING.trainer', 'label': 'fp'}, {'from': 'EXERCISEINPERSONALTRAINING.FiscalCode,EXERCISEINPERSONALTRAINING.date,EXERCISEINPERSONALTRAINING.time,EXERCISEINPERSONALTRAINING.exerciseId,EXERCISEINPERSONALTRAINING.positionInSequence', 'to': 'EXERCISEINPERSONALTRAINING.numberOfRepetitions', 'label': 'fp'}]","['members.weight', 'members.surname', 'members.gender', 'members.fiscalcode', 'wod.name', 'members.city', 'members.height', 'wod.date', 'members.postalcode', 'members.name', 'wod.wodtype', 'workouts.time', 'members.address']","['exercises.exercisetype', 'exerciseinwod.exerciseid,exerciseinwod.positioninsequence,exerciseinwod.date', 'exercises.name', 'personaltraining.date,personaltraining.time,personaltraining.fiscalcode', 'maximumweights.weight', 'exerciseinwod.numberofrepetitions', 'exercises.exerciseid', 'maximumweights.fiscalcode,maximumweights.date,maximumweights.exerciseid', 'personaltraining.trainer', 'exerciseinpersonaltraining.time,exerciseinpersonaltraining.exerciseid,exerciseinpersonaltraining.fiscalcode,exerciseinpersonaltraining.positioninsequence,exerciseinpersonaltraining.date', 'exerciseinpersonaltraining.numberofrepetitions', 'presence.time', 'workouts.date', 'exerciseinpersonaltraining', 'presence.time,presence.fiscalcode,presence.date', 'wod.numberofrounds']","['workouts.date,workouts.time', 'presence', 'workouts.instructor', 'wod.numberofrounds']",7,9,10,0.4118,0.4375,0.4242,13,4,16,0.4483,0.7647,0.5652,0,9,10,1,0,True,9,0,0,0,0,8,False
exercise-5,sql,rq3-dec,5,2025-07-24T04-29-50,1,396.6280,mistral-7B-inst-v0.3-hf,mistral-7-inst,,,0.2,,,,0.9,,TRAININGSESSION,"['MEMBERS.height', 'MEMBERS.weight']","[{'from': 'MEMBERS.FiscalCode', 'to': 'MEMBERS.name', 'label': 'tp'}, {'from': 'MEMBERS.FiscalCode', 'to': 'MEMBERS.surname', 'label': 'tp'}, {'from': 'MEMBERS.FiscalCode', 'to': 'MEMBERS.gender', 'label': 'tp'}, {'from': 'MEMBERS.FiscalCode', 'to': 'MEMBERS.address', 'label': 'tp'}, {'from': 'MEMBERS.FiscalCode', 'to': 'MEMBERS.postalCode', 'label': 'tp'}, {'from': 'MEMBERS.FiscalCode', 'to': 'MEMBERS.city', 'label': 'fp'}, {'from': 'EXERCISES.exerciseId', 'to': 'EXERCISES.name', 'label': 'fp'}, {'from': 'EXERCISES.exerciseId', 'to': 'EXERCISES.exerciseType', 'label': 'fp'}, {'from': 'MAXIMUMWEIGHTS.FiscalCode,MAXIMUMWEIGHTS.exerciseId,MAXIMUMWEIGHTS.date', 'to': 'MAXIMUMWEIGHTS.weight', 'label': 'fp'}, {'from': 'WOD.date', 'to': 'WOD.name', 'label': 'tp'}, {'from': 'WOD.date', 'to': 'WOD.WODtype', 'label': 'tp'}, {'from': 'WOD.date', 'to': 'WOD.numberOfRounds', 'label': 'fp'}, {'from': 'EXERCISEINWOD.date,EXERCISEINWOD.exerciseId,EXERCISEINWOD.positionInSequence', 'to': 'EXERCISEINWOD.numberOfRepetitions', 'label': 'fp'}, {'from': 'WORKOUTS.date', 'to': 'WORKOUTS.time', 'label': 'fp'}, {'from': 'WORKOUTS.date', 'to': 'WORKOUTS.instructor', 'label': 'fp'}, {'from': 'PRESENCE.FiscalCode,PRESENCE.date,PRESENCE.time', 'to': 'PRESENCE.time', 'label': 'fp'}, {'from': 'PERSONALTRAINING.FiscalCode,PERSONALTRAINING.trainer', 'to': 'PERSONALTRAINING.startDate', 'label': 'fp'}, {'from': 'PERSONALTRAINING.FiscalCode,PERSONALTRAINING.trainer', 'to': 'PERSONALTRAINING.endDate', 'label': 'fp'}, {'from': 'TRAININGSESSION.FiscalCode,TRAININGSESSION.trainer,TRAININGSESSION.date,TRAININGSESSION.time', 'to': 'TRAININGSESSION.time', 'label': 'fp'}, {'from': 'EXERCISEINTRAININGSESSION.FiscalCode,EXERCISEINTRAININGSESSION.trainer,EXERCISEINTRAININGSESSION.exerciseId,EXERCISEINTRAININGSESSION.positionInSequence', 'to': 'EXERCISEINTRAININGSESSION.numberOfRepetitions', 'label': 'fp'}]","['members.weight', 'members.surname', 'members.gender', 'members.fiscalcode', 'wod.name', 'members.city', 'members.height', 'wod.date', 'members.postalcode', 'members.name', 'wod.wodtype', 'workouts.time', 'members.address', 'workouts.instructor']","['exerciseintrainingsession.fiscalcode,exerciseintrainingsession.exerciseid,exerciseintrainingsession.trainer,exerciseintrainingsession.positioninsequence', 'exercises.exercisetype', 'maximumweights.weight', 'exerciseintrainingsession.numberofrepetitions', 'trainingsession.time', 'exercises.exerciseid', 'trainingsession.trainer,trainingsession.fiscalcode,trainingsession.time,trainingsession.date', 'exerciseinwod.numberofrepetitions', 'maximumweights.fiscalcode,maximumweights.date,maximumweights.exerciseid', 'personaltraining.startdate', 'presence.time,presence.fiscalcode,presence.date', 'exercises.name', 'workouts.date', 'presence.time', 'wod.numberofrounds', 'exerciseinwod.exerciseid,exerciseinwod.positioninsequence,exerciseinwod.date', 'trainingsession', 'personaltraining.trainer,personaltraining.fiscalcode', 'personaltraining.enddate']","['workouts.date,workouts.time', 'presence', 'wod.numberofrounds']",7,9,13,0.35,0.4375,0.3889,14,3,19,0.4242,0.8235,0.56,0,9,13,1,0,True,10,0,0,0,0,9,False
exercise-5,sql,rq3-dec,5,2025-07-24T04-37-21,1,451.3925,mistral-7B-inst-v0.3-hf,mistral-7-inst,,,0.2,,,,0.9,,EXERCISEINPERSONALTRAINING,"['MEMBERS.height', 'MEMBERS.weight']","[{'from': 'MEMBERS.FiscalCode', 'to': 'MEMBERS.name', 'label': 'tp'}, {'from': 'MEMBERS.FiscalCode', 'to': 'MEMBERS.surname', 'label': 'tp'}, {'from': 'MEMBERS.FiscalCode', 'to': 'MEMBERS.gender', 'label': 'tp'}, {'from': 'MEMBERS.FiscalCode', 'to': 'MEMBERS.address', 'label': 'tp'}, {'from': 'MEMBERS.FiscalCode', 'to': 'MEMBERS.postalCode', 'label': 'tp'}, {'from': 'MEMBERS.FiscalCode', 'to': 'MEMBERS.city', 'label': 'fp'}, {'from': 'EXERCISES.exerciseId', 'to': 'EXERCISES.name', 'label': 'fp'}, {'from': 'EXERCISES.exerciseId', 'to': 'EXERCISES.exerciseType', 'label': 'fp'}, {'from': 'MAXIMUMWEIGHTS.FiscalCode', 'to': 'MAXIMUMWEIGHTS.weight', 'label': 'fp'}, {'from': 'MAXIMUMWEIGHTS.FiscalCode,MAXIMUMWEIGHTS.exerciseId,MAXIMUMWEIGHTS.date', 'to': 'MAXIMUMWEIGHTS.date', 'label': 'fp'}, {'from': 'WOD.date', 'to': 'WOD.name', 'label': 'tp'}, {'from': 'WOD.date', 'to': 'WOD.WODtype', 'label': 'tp'}, {'from': 'WOD.date', 'to': 'WOD.numberOfRounds', 'label': 'fp'}, {'from': 'EXERCISEINWOD.date', 'to': 'EXERCISEINWOD.exerciseId', 'label': 'fp'}, {'from': 'EXERCISEINWOD.date,EXERCISEINWOD.exerciseId,EXERCISEINWOD.positionInSequence', 'to': 'EXERCISEINWOD.positionInSequence', 'label': 'fp'}, {'from': 'EXERCISEINWOD.date,EXERCISEINWOD.exerciseId,EXERCISEINWOD.positionInSequence', 'to': 'EXERCISEINWOD.numberOfRepetitions', 'label': 'fp'}, {'from': 'WORKOUTS.date', 'to': 'WORKOUTS.time', 'label': 'fp'}, {'from': 'PRESENCE.FiscalCode', 'to': 'PRESENCE.date', 'label': 'fp'}, {'from': 'PRESENCE.FiscalCode,PRESENCE.date,PRESENCE.time', 'to': 'PRESENCE.time', 'label': 'fp'}, {'from': 'PERSONALTRAINING.FiscalCode', 'to': 'PERSONALTRAINING.trainer', 'label': 'fp'}, {'from': 'PERSONALTRAINING.FiscalCode,PERSONALTRAINING.date,PERSONALTRAINING.time', 'to': 'PERSONALTRAINING.time', 'label': 'fp'}, {'from': 'EXERCISEINPERSONALTRAINING.FiscalCode,EXERCISEINPERSONALTRAINING.date,EXERCISEINPERSONALTRAINING.time,EXERCISEINPERSONALTRAINING.exerciseId,EXERCISEINPERSONALTRAINING.positionInSequence', 'to': 'EXERCISEINPERSONALTRAINING.positionInSequence', 'label': 'fp'}, {'from': 'EXERCISEINPERSONALTRAINING.FiscalCode,EXERCISEINPERSONALTRAINING.date,EXERCISEINPERSONALTRAINING.time,EXERCISEINPERSONALTRAINING.exerciseId,EXERCISEINPERSONALTRAINING.positionInSequence', 'to': 'EXERCISEINPERSONALTRAINING.numberOfRepetitions', 'label': 'fp'}]","['members.weight', 'members.surname', 'members.gender', 'members.fiscalcode', 'wod.name', 'members.city', 'members.height', 'wod.date', 'members.postalcode', 'members.name', 'wod.wodtype', 'workouts.time', 'members.address']","['exercises.exercisetype', 'personaltraining.date,personaltraining.time,personaltraining.fiscalcode', 'maximumweights.weight', 'exercises.exerciseid', 'maximumweights.fiscalcode', 'exerciseinwod.positioninsequence', 'exerciseinpersonaltraining', 'exerciseinwod.numberofrepetitions', 'maximumweights.fiscalcode,maximumweights.date,maximumweights.exerciseid', 'maximumweights.date', 'presence.fiscalcode', 'personaltraining.trainer', 'exerciseinpersonaltraining.time,exerciseinpersonaltraining.exerciseid,exerciseinpersonaltraining.fiscalcode,exerciseinpersonaltraining.positioninsequence,exerciseinpersonaltraining.date', 'presence.time,presence.fiscalcode,presence.date', 'exerciseinpersonaltraining.positioninsequence', 'exercises.name', 'exerciseinpersonaltraining.numberofrepetitions', 'workouts.date', 'personaltraining.time', 'presence.time', 'exerciseinwod.date', 'wod.numberofrounds', 'exerciseinwod.exerciseid,exerciseinwod.positioninsequence,exerciseinwod.date', 'presence.date', 'personaltraining.fiscalcode', 'exerciseinwod.exerciseid']","['workouts.date,workouts.time', 'presence', 'workouts.instructor', 'wod.numberofrounds']",7,9,16,0.3043,0.4375,0.359,13,4,26,0.3333,0.7647,0.4643,0,9,16,1,0,True,13,0,0,0,0,12,False
exercise-6,sql,rq3-dec,6,2025-07-24T04-39-54,1,152.7902,mistral-7B-inst-v0.3-hf,mistral-7-inst,,,0.2,,,,0.9,,TRANSFERS,['RECRUITMENTS.recruitmentDate'],"[{'from': 'QUALIFICATIONS.qualification', 'to': 'STAFF.qualification', 'label': 'fp'}, {'from': 'DIVISIONS.divCode', 'to': 'DIVISIONS.divisionName', 'label': 'tp'}, {'from': 'DEPARTMENTS.departmentCode', 'to': 'DEPARTMENTS.departmentName', 'label': 'tp'}, {'from': 'STAFF.employeeCode', 'to': 'STAFF.name', 'label': 'tp'}, {'from': 'STAFF.employeeCode', 'to': 'STAFF.surname', 'label': 'tp'}, {'from': 'STAFF.employeeCode', 'to': 'STAFF.gender', 'label': 'tp'}, {'from': 'STAFF.currentDepartment', 'to': 'DEPARTMENTS.departmentCode', 'label': 'fp'}, {'from': 'RECRUITMENTS.employeeCode', 'to': 'RECRUITMENTS.recruitmentDate', 'label': 'fp'}, {'from': 'TRANSFERS.employeeCode', 'to': 'TRANSFERS.date', 'label': 'fp'}, {'from': 'TRANSFERS.fromDepartment', 'to': 'DEPARTMENTS.departmentCode', 'label': 'fp'}, {'from': 'TRANSFERS.toDepartment', 'to': 'DEPARTMENTS.departmentCode', 'label': 'fp'}, {'from': 'TRANSFERS', 'to': 'TRANSFERS.reason', 'label': 'tp'}]","['staff.name', 'qualifications.qualification', 'staff.surname', 'transfers.date', 'transfers', 'staff.employeecode', 'transfers.reason', 'staff.gender', 'departments.departmentname', 'departments.departmentcode', 'divisions.divcode', 'divisions.divisionname']","['transfers.employeecode', 'staff.currentdepartment', 'recruitments.employeecode', 'staff.qualification', 'transfers.todepartment', 'transfers.fromdepartment', 'recruitments.recruitmentdate']",['recruitments.recruitmentdate'],6,9,6,0.5,0.4,0.4444,12,1,7,0.6316,0.9231,0.75,0,9,6,0,1,False,8,1,0,2,0,6,False
exercise-6,sql,rq3-dec,6,2025-07-24T04-42-24,1,150.2390,mistral-7B-inst-v0.3-hf,mistral-7-inst,,,0.2,,,,0.9,,TRANSFERS,['STAFF.qualification'],"[{'from': 'QUALIFICATIONS.qualification', 'to': 'QUALIFICATIONS.qualification', 'label': 'fp'}, {'from': 'DIVISIONS.divCode', 'to': 'DIVISIONS.divisionName', 'label': 'tp'}, {'from': 'DEPARTMENTS.departmentCode', 'to': 'DEPARTMENTS.departmentName', 'label': 'tp'}, {'from': 'STAFF.employeeCode', 'to': 'STAFF.name', 'label': 'tp'}, {'from': 'STAFF.employeeCode', 'to': 'STAFF.surname', 'label': 'tp'}, {'from': 'STAFF.employeeCode', 'to': 'STAFF.gender', 'label': 'tp'}, {'from': 'STAFF.currentDepartment', 'to': 'DEPARTMENTS.departmentCode', 'label': 'fp'}, {'from': 'RECRUITMENTS.employeeCode', 'to': 'RECRUITMENTS.recruitmentDate', 'label': 'fp'}, {'from': 'TRANSFERS.employeeCode', 'to': 'TRANSFERS.date', 'label': 'fp'}, {'from': 'TRANSFERS.fromDepartment', 'to': 'DEPARTMENTS.departmentCode', 'label': 'fp'}, {'from': 'TRANSFERS.toDepartment', 'to': 'DEPARTMENTS.departmentCode', 'label': 'fp'}, {'from': 'TRANSFERS', 'to': 'TRANSFERS.reason', 'label': 'tp'}]","['staff.name', 'staff.surname', 'qualifications.qualification', 'transfers.date', 'transfers', 'staff.employeecode', 'transfers.reason', 'staff.gender', 'departments.departmentname', 'departments.departmentcode', 'divisions.divcode', 'recruitments.recruitmentdate', 'divisions.divisionname']","['transfers.employeecode', 'staff.currentdepartment', 'recruitments.employeecode', 'staff.qualification', 'transfers.todepartment', 'transfers.fromdepartment']",[],6,9,6,0.5,0.4,0.4444,13,0,6,0.6842,1.0,0.8125,0,9,6,0,1,False,7,1,0,2,0,6,False
exercise-6,sql,rq3-dec,6,2025-07-24T04-44-58,1,154.1334,mistral-7B-inst-v0.3-hf,mistral-7-inst,,,0.2,,,,0.9,,TRANSFERS,['RECRUITMENTS.recruitmentDate'],"[{'from': 'QUALIFICATIONS.qualification', 'to': 'STAFF.qualification', 'label': 'fp'}, {'from': 'DIVISIONS.divisionName', 'to': 'DIVISIONS.divCode', 'label': 'fp'}, {'from': 'DIVISIONS.managerCode', 'to': 'STAFF.employeeCode', 'label': 'fp'}, {'from': 'DEPARTMENTS.departmentCode', 'to': 'DEPARTMENTS.departmentName', 'label': 'tp'}, {'from': 'DEPARTMENTS.divCode', 'to': 'DIVISIONS.divisionName', 'label': 'fp'}, {'from': 'STAFF.employeeCode', 'to': 'STAFF.name', 'label': 'tp'}, {'from': 'STAFF.employeeCode', 'to': 'STAFF.surname', 'label': 'tp'}, {'from': 'STAFF.employeeCode', 'to': 'STAFF.gender', 'label': 'tp'}, {'from': 'RECRUITMENTS.employeeCode', 'to': 'STAFF.currentDepartment', 'label': 'fp'}, {'from': 'TRANSFERS', 'to': 'TRANSFERS.date', 'label': 'tp'}, {'from': 'TRANSFERS', 'to': 'TRANSFERS.fromDepartment', 'label': 'fp'}, {'from': 'TRANSFERS', 'to': 'TRANSFERS.toDepartment', 'label': 'fp'}, {'from': 'TRANSFERS', 'to': 'TRANSFERS.reason', 'label': 'tp'}]","['staff.name', 'qualifications.qualification', 'staff.surname', 'transfers.date', 'transfers', 'staff.employeecode', 'transfers.reason', 'staff.gender', 'departments.departmentname', 'departments.departmentcode', 'divisions.divcode', 'divisions.divisionname']","['staff.currentdepartment', 'recruitments.employeecode', 'staff.qualification', 'transfers.todepartment', 'departments.divcode', 'transfers.fromdepartment', 'recruitments.recruitmentdate', 'divisions.managercode']",['recruitments.recruitmentdate'],6,9,7,0.4615,0.4,0.4286,12,1,8,0.6,0.9231,0.7273,1,8,6,0,1,False,5,2,0,2,0,5,False
exercise-6,sql,rq3-dec,6,2025-07-24T04-47-29,1,150.6605,mistral-7B-inst-v0.3-hf,mistral-7-inst,,,0.2,,,,0.9,,TRANSFERS,['STAFF.qualification'],"[{'from': 'QUALIFICATIONS.qualification', 'to': 'QUALIFICATIONS.qualification', 'label': 'fp'}, {'from': 'DIVISIONS.divCode', 'to': 'DIVISIONS.divisionName', 'label': 'tp'}, {'from': 'DEPARTMENTS.departmentCode', 'to': 'DEPARTMENTS.departmentName', 'label': 'tp'}, {'from': 'STAFF.employeeCode', 'to': 'STAFF.name', 'label': 'tp'}, {'from': 'STAFF.employeeCode', 'to': 'STAFF.surname', 'label': 'tp'}, {'from': 'STAFF.employeeCode', 'to': 'STAFF.gender', 'label': 'tp'}, {'from': 'STAFF.currentDepartment', 'to': 'DEPARTMENTS.departmentCode', 'label': 'fp'}, {'from': 'RECRUITMENTS.employeeCode', 'to': 'RECRUITMENTS.recruitmentDate', 'label': 'fp'}, {'from': 'TRANSFERS.employeeCode', 'to': 'TRANSFERS.date', 'label': 'fp'}, {'from': 'TRANSFERS.fromDepartment', 'to': 'DEPARTMENTS.departmentCode', 'label': 'fp'}, {'from': 'TRANSFERS.toDepartment', 'to': 'DEPARTMENTS.departmentCode', 'label': 'fp'}, {'from': 'TRANSFERS', 'to': 'TRANSFERS.reason', 'label': 'tp'}]","['staff.name', 'staff.surname', 'qualifications.qualification', 'transfers.date', 'transfers', 'staff.employeecode', 'transfers.reason', 'staff.gender', 'departments.departmentname', 'departments.departmentcode', 'divisions.divcode', 'recruitments.recruitmentdate', 'divisions.divisionname']","['transfers.employeecode', 'staff.currentdepartment', 'recruitments.employeecode', 'staff.qualification', 'transfers.todepartment', 'transfers.fromdepartment']",[],6,9,6,0.5,0.4,0.4444,13,0,6,0.6842,1.0,0.8125,0,9,6,0,1,False,7,1,0,2,0,6,False
exercise-6,sql,rq3-dec,6,2025-07-24T04-51-01,1,211.7789,mistral-7B-inst-v0.3-hf,mistral-7-inst,,,0.2,,,,0.9,,TRANSFERS,['STAFF.qualification'],"[{'from': 'QUALIFICATIONS.qualification', 'to': 'QUALIFICATIONS.qualification', 'label': 'fp'}, {'from': 'DIVISIONS.divCode', 'to': 'DIVISIONS.divisionName', 'label': 'tp'}, {'from': 'DEPARTMENTS.departmentCode', 'to': 'DEPARTMENTS.departmentName', 'label': 'tp'}, {'from': 'DEPARTMENTS.divCode', 'to': 'DIVISIONS.divisionName', 'label': 'fp'}, {'from': 'STAFF.employeeCode', 'to': 'STAFF.name', 'label': 'tp'}, {'from': 'STAFF.employeeCode', 'to': 'STAFF.surname', 'label': 'tp'}, {'from': 'STAFF.employeeCode', 'to': 'STAFF.gender', 'label': 'tp'}, {'from': 'STAFF.employeeCode', 'to': 'STAFF.qualification', 'label': 'fp'}, {'from': 'RECRUITMENTS.employeeCode', 'to': 'RECRUITMENTS.recruitmentDate', 'label': 'fp'}, {'from': 'TRANSFERS.employeeCode', 'to': 'TRANSFERS.date', 'label': 'fp'}, {'from': 'TRANSFERS.fromDepartment', 'to': 'TRANSFERS.fromDepartment', 'label': 'fp'}, {'from': 'TRANSFERS.toDepartment', 'to': 'TRANSFERS.toDepartment', 'label': 'fp'}, {'from': 'TRANSFERS.employeeCode', 'to': 'STAFF.employeeCode', 'label': 'fp'}, {'from': 'TRANSFERS.fromDepartment', 'to': 'DEPARTMENTS.departmentCode', 'label': 'fp'}, {'from': 'TRANSFERS.toDepartment', 'to': 'DEPARTMENTS.departmentCode', 'label': 'fp'}, {'from': 'TRANSFERS.employeeCode', 'to': 'RECRUITMENTS.employeeCode', 'label': 'fp'}, {'from': 'TRANSFERS.fromDepartment', 'to': 'RECRUITMENTS.department', 'label': 'fp'}, {'from': 'TRANSFERS.toDepartment', 'to': 'RECRUITMENTS.department', 'label': 'fp'}, {'from': 'TRANSFERS.reason', 'to': 'TRANSFERS.reason', 'label': 'fp'}]","['staff.name', 'qualifications.qualification', 'staff.surname', 'transfers.date', 'transfers', 'staff.employeecode', 'transfers.reason', 'staff.gender', 'departments.departmentname', 'departments.departmentcode', 'divisions.divcode', 'recruitments.recruitmentdate', 'divisions.divisionname']","['transfers.employeecode', 'recruitments.employeecode', 'staff.qualification', 'transfers.todepartment', 'transfers.fromdepartment', 'departments.divcode', 'recruitments.department']",[],5,10,14,0.2632,0.3333,0.2941,13,0,7,0.65,1.0,0.7879,0,10,14,0,1,False,3,0,1,2,0,4,False
exercise-7,sql,rq3-dec,7,2025-07-24T04-55-34,1,273.4397,mistral-7B-inst-v0.3-hf,mistral-7-inst,,,0.2,,,,0.9,,RENTALS,['RENTALS.Miles'],"[{'from': 'RENTALOFFICES.OfficeName', 'to': 'RENTALOFFICES.City', 'label': 'tp'}, {'from': 'RENTALOFFICES.OfficeName', 'to': 'RENTALOFFICES.Area', 'label': 'fp'}, {'from': 'RENTALOFFICES.OfficeName', 'to': 'RENTALOFFICES.State', 'label': 'fp'}, {'from': 'RENTALOFFICES.OfficeName', 'to': 'RENTALOFFICES.Country', 'label': 'fp'}, {'from': 'CARS.Plate', 'to': 'CARS.Category', 'label': 'tp'}, {'from': 'CARS.Plate', 'to': 'CARS.Model', 'label': 'tp'}, {'from': 'CARS.Plate', 'to': 'CARS.Brand', 'label': 'fp'}, {'from': 'CARS.Plate', 'to': 'CARS.Fuel', 'label': 'tp'}, {'from': 'CARS.Plate', 'to': 'CARS.RegistrationDate', 'label': 'tp'}, {'from': 'HAVEOPTIONAL.Plate', 'to': 'HAVEOPTIONAL.Optional', 'label': 'fp'}, {'from': 'RENTALS.Plate', 'to': 'RENTALS.PickupDate', 'label': 'fp'}, {'from': 'RENTALS.Plate', 'to': 'RENTALS.DropoffDate', 'label': 'fp'}, {'from': 'RENTALS.Plate', 'to': 'RENTALS.PickupPlace', 'label': 'fp'}, {'from': 'RENTALS.Plate', 'to': 'RENTALS.DropoffPlace', 'label': 'fp'}, {'from': 'DRIVERS.LicenseNumber', 'to': 'DRIVERS.LicenseExpiration', 'label': 'fp'}, {'from': 'DRIVERS.LicenseNumber', 'to': 'DRIVERS.DriverName', 'label': 'fp'}, {'from': 'DRIVERS.LicenseNumber', 'to': 'DRIVERS.Birthdate', 'label': 'fp'}, {'from': 'DRIVE.LicenseNumber', 'to': 'DRIVE.Plate', 'label': 'fp'}, {'from': 'DRIVE.LicenseNumber', 'to': 'DRIVE.PickupDate', 'label': 'fp'}, {'from': 'INSURANCES.Risk', 'to': 'INSURANCES.Plate', 'label': 'fp'}, {'from': 'INSURANCES.Risk', 'to': 'INSURANCES.PickupDate', 'label': 'fp'}, {'from': 'INSURANCES.Risk', 'to': 'INSURANCES.Cost', 'label': 'fp'}, {'from': 'PAYMENTS.Plate', 'to': 'PAYMENTS.PickupDate', 'label': 'fp'}, {'from': 'PAYMENTS.Plate', 'to': 'PAYMENTS.Amount', 'label': 'fp'}, {'from': 'PAYMENTS.Plate', 'to': 'PAYMENTS.Discount', 'label': 'fp'}, {'from': 'PAYMENTS.Plate', 'to': 'PAYMENTS.PaymentMode', 'label': 'fp'}]","['cars.brand', 'cars.registrationdate', 'rentals.dropoffdate', 'insurances.risk', 'cars.fuel', 'rentaloffices.officename', 'rentaloffices.country', 'rentaloffices.area', 'rentals.miles', 'cars.category', 'rentals.pickupdate', 'cars.model', 'rentaloffices.city', 'payments.paymentmode', 'rentaloffices.state', 'cars.plate']","['drivers.birthdate', 'rentals.pickupplace', 'rentals.plate', 'drive.licensenumber', 'rentals', 'insurances.plate', 'insurances.cost', 'insurances.pickupdate', 'drivers.licensenumber', 'drive.pickupdate', 'haveoptional.plate', 'payments.amount', 'drivers.licenseexpiration', 'haveoptional.optional', 'drivers.drivername', 'rentals.dropoffplace', 'drive.plate', 'payments.plate', 'payments.pickupdate', 'payments.discount']","['payments.amount', 'insurances', 'insurances.cost', 'rentals.pickupdate,rentals.plate', 'payments.discount']",5,16,21,0.1923,0.2381,0.2128,16,5,20,0.4444,0.7619,0.5614,0,16,21,3,0,True,8,1,0,1,0,7,False
exercise-7,sql,rq3-dec,7,2025-07-24T05-00-09,1,275.2592,mistral-7B-inst-v0.3-hf,mistral-7-inst,,,0.2,,,,0.9,,RENTALS,['RENTALS.Miles'],"[{'from': 'RENTALOFFICES.OfficeName', 'to': 'RENTALOFFICES.City', 'label': 'tp'}, {'from': 'RENTALOFFICES.OfficeName', 'to': 'RENTALOFFICES.Area', 'label': 'fp'}, {'from': 'RENTALOFFICES.OfficeName', 'to': 'RENTALOFFICES.State', 'label': 'fp'}, {'from': 'RENTALOFFICES.OfficeName', 'to': 'RENTALOFFICES.Country', 'label': 'fp'}, {'from': 'CARS.Plate', 'to': 'CARS.Category', 'label': 'tp'}, {'from': 'CARS.Plate', 'to': 'CARS.Model', 'label': 'tp'}, {'from': 'CARS.Plate', 'to': 'CARS.Brand', 'label': 'fp'}, {'from': 'CARS.Plate', 'to': 'CARS.Fuel', 'label': 'tp'}, {'from': 'CARS.Plate', 'to': 'CARS.RegistrationDate', 'label': 'tp'}, {'from': 'RENTALOFFICES.OfficeName', 'to': 'RENTALS.PickupPlace', 'label': 'fp'}, {'from': 'RENTALOFFICES.OfficeName', 'to': 'RENTALS.DropoffPlace', 'label': 'fp'}, {'from': 'RENTALS.Plate', 'to': 'HAVEOPTIONAL.Optional', 'label': 'fp'}, {'from': 'RENTALS.Plate', 'to': 'RENTALS.PickupDate', 'label': 'fp'}, {'from': 'RENTALS.Plate', 'to': 'RENTALS.DropoffDate', 'label': 'fp'}, {'from': 'DRIVERS.LicenseNumber', 'to': 'DRIVERS.LicenseExpiration', 'label': 'fp'}, {'from': 'DRIVERS.LicenseNumber', 'to': 'DRIVERS.DriverName', 'label': 'fp'}, {'from': 'DRIVERS.LicenseNumber', 'to': 'DRIVERS.Birthdate', 'label': 'fp'}, {'from': 'DRIVE.LicenseNumber', 'to': 'DRIVE.Plate', 'label': 'fp'}, {'from': 'DRIVE.LicenseNumber', 'to': 'DRIVE.PickupDate', 'label': 'fp'}, {'from': 'INSURANCES.Risk', 'to': 'INSURANCES.Plate', 'label': 'fp'}, {'from': 'INSURANCES.Risk', 'to': 'INSURANCES.PickupDate', 'label': 'fp'}, {'from': 'INSURANCES.Risk', 'to': 'INSURANCES.Cost', 'label': 'fp'}, {'from': 'PAYMENTS.Plate', 'to': 'PAYMENTS.PickupDate', 'label': 'fp'}, {'from': 'PAYMENTS.Plate', 'to': 'PAYMENTS.Amount', 'label': 'fp'}, {'from': 'PAYMENTS.Plate', 'to': 'PAYMENTS.Discount', 'label': 'fp'}, {'from': 'PAYMENTS.Plate', 'to': 'PAYMENTS.PaymentMode', 'label': 'fp'}]","['cars.brand', 'cars.registrationdate', 'rentals.dropoffdate', 'insurances.risk', 'cars.fuel', 'rentaloffices.officename', 'rentaloffices.country', 'rentaloffices.area', 'rentals.miles', 'cars.category', 'rentals.pickupdate', 'cars.model', 'rentaloffices.city', 'payments.paymentmode', 'rentaloffices.state', 'cars.plate']","['drivers.birthdate', 'rentals.pickupplace', 'rentals.plate', 'drive.licensenumber', 'rentals', 'insurances.plate', 'insurances.cost', 'insurances.pickupdate', 'drivers.licensenumber', 'drive.pickupdate', 'payments.amount', 'drivers.licenseexpiration', 'haveoptional.optional', 'drivers.drivername', 'rentals.dropoffplace', 'drive.plate', 'payments.plate', 'payments.pickupdate', 'payments.discount']","['payments.amount', 'insurances', 'insurances.cost', 'rentals.pickupdate,rentals.plate', 'payments.discount']",5,16,21,0.1923,0.2381,0.2128,16,5,19,0.4571,0.7619,0.5714,0,16,21,3,0,True,7,1,0,1,0,6,False
exercise-7,sql,rq3-dec,7,2025-07-24T05-04-45,1,275.9626,mistral-7B-inst-v0.3-hf,mistral-7-inst,,,0.2,,,,0.9,,RENTALS,['RENTALS.Miles'],"[{'from': 'RENTALOFFICES.OfficeName', 'to': 'RENTALOFFICES.City', 'label': 'tp'}, {'from': 'RENTALOFFICES.OfficeName', 'to': 'RENTALOFFICES.Area', 'label': 'fp'}, {'from': 'RENTALOFFICES.OfficeName', 'to': 'RENTALOFFICES.State', 'label': 'fp'}, {'from': 'RENTALOFFICES.OfficeName', 'to': 'RENTALOFFICES.Country', 'label': 'fp'}, {'from': 'CARS.Plate', 'to': 'CARS.Category', 'label': 'tp'}, {'from': 'CARS.Plate', 'to': 'CARS.Model', 'label': 'tp'}, {'from': 'CARS.Plate', 'to': 'CARS.Brand', 'label': 'fp'}, {'from': 'CARS.Plate', 'to': 'CARS.Fuel', 'label': 'tp'}, {'from': 'CARS.Plate', 'to': 'CARS.RegistrationDate', 'label': 'tp'}, {'from': 'RENTALOFFICES.OfficeName', 'to': 'RENTALS.PickupPlace', 'label': 'fp'}, {'from': 'RENTALOFFICES.OfficeName', 'to': 'RENTALS.DropoffPlace', 'label': 'fp'}, {'from': 'RENTALS.Plate', 'to': 'HAVEOPTIONAL.Optional', 'label': 'fp'}, {'from': 'RENTALS.Plate', 'to': 'RENTALS.PickupDate', 'label': 'fp'}, {'from': 'RENTALS.Plate', 'to': 'RENTALS.DropoffDate', 'label': 'fp'}, {'from': 'DRIVERS.LicenseNumber', 'to': 'DRIVERS.LicenseExpiration', 'label': 'fp'}, {'from': 'DRIVERS.LicenseNumber', 'to': 'DRIVERS.DriverName', 'label': 'fp'}, {'from': 'DRIVERS.LicenseNumber', 'to': 'DRIVERS.Birthdate', 'label': 'fp'}, {'from': 'DRIVE.LicenseNumber', 'to': 'DRIVE.Plate', 'label': 'fp'}, {'from': 'DRIVE.LicenseNumber', 'to': 'DRIVE.PickupDate', 'label': 'fp'}, {'from': 'INSURANCES.Risk', 'to': 'INSURANCES.Plate', 'label': 'fp'}, {'from': 'INSURANCES.Risk', 'to': 'INSURANCES.PickupDate', 'label': 'fp'}, {'from': 'INSURANCES.Plate', 'to': 'INSURANCES.Cost', 'label': 'fp'}, {'from': 'PAYMENTS.Plate', 'to': 'PAYMENTS.PickupDate', 'label': 'fp'}, {'from': 'PAYMENTS.Plate', 'to': 'PAYMENTS.Amount', 'label': 'fp'}, {'from': 'PAYMENTS.Plate', 'to': 'PAYMENTS.Discount', 'label': 'fp'}, {'from': 'PAYMENTS.Plate', 'to': 'PAYMENTS.PaymentMode', 'label': 'fp'}]","['cars.brand', 'cars.registrationdate', 'rentals.dropoffdate', 'insurances.risk', 'cars.fuel', 'rentaloffices.officename', 'rentaloffices.country', 'rentaloffices.area', 'rentals.miles', 'cars.category', 'rentals.pickupdate', 'cars.model', 'rentaloffices.city', 'payments.paymentmode', 'rentaloffices.state', 'cars.plate']","['drivers.birthdate', 'rentals.pickupplace', 'rentals.plate', 'drive.licensenumber', 'rentals', 'insurances.plate', 'insurances.cost', 'insurances.pickupdate', 'drivers.licensenumber', 'drive.pickupdate', 'payments.amount', 'drivers.licenseexpiration', 'haveoptional.optional', 'drivers.drivername', 'rentals.dropoffplace', 'drive.plate', 'payments.plate', 'payments.pickupdate', 'payments.discount']","['payments.amount', 'insurances', 'insurances.cost', 'rentals.pickupdate,rentals.plate', 'payments.discount']",5,16,21,0.1923,0.2381,0.2128,16,5,19,0.4571,0.7619,0.5714,0,16,21,3,0,True,7,1,0,1,0,6,False
exercise-7,sql,rq3-dec,7,2025-07-24T05-09-17,1,271.8367,mistral-7B-inst-v0.3-hf,mistral-7-inst,,,0.2,,,,0.9,,RENTALS,['RENTALS.Miles'],"[{'from': 'RENTALOFFICES.OfficeName', 'to': 'RENTALOFFICES.City', 'label': 'tp'}, {'from': 'RENTALOFFICES.OfficeName', 'to': 'RENTALOFFICES.Area', 'label': 'fp'}, {'from': 'RENTALOFFICES.OfficeName', 'to': 'RENTALOFFICES.State', 'label': 'fp'}, {'from': 'RENTALOFFICES.OfficeName', 'to': 'RENTALOFFICES.Country', 'label': 'fp'}, {'from': 'CARS.Plate', 'to': 'CARS.Category', 'label': 'tp'}, {'from': 'CARS.Plate', 'to': 'CARS.Model', 'label': 'tp'}, {'from': 'CARS.Plate', 'to': 'CARS.Brand', 'label': 'fp'}, {'from': 'CARS.Plate', 'to': 'CARS.Fuel', 'label': 'tp'}, {'from': 'CARS.Plate', 'to': 'CARS.RegistrationDate', 'label': 'tp'}, {'from': 'HAVEOPTIONAL.Plate', 'to': 'HAVEOPTIONAL.Optional', 'label': 'fp'}, {'from': 'RENTALS.Plate', 'to': 'RENTALS.PickupDate', 'label': 'fp'}, {'from': 'RENTALS.Plate', 'to': 'RENTALS.DropoffDate', 'label': 'fp'}, {'from': 'RENTALS.Plate', 'to': 'RENTALS.PickupPlace', 'label': 'fp'}, {'from': 'RENTALS.Plate', 'to': 'RENTALS.DropoffPlace', 'label': 'fp'}, {'from': 'DRIVERS.LicenseNumber', 'to': 'DRIVERS.LicenseExpiration', 'label': 'fp'}, {'from': 'DRIVERS.LicenseNumber', 'to': 'DRIVERS.DriverName', 'label': 'fp'}, {'from': 'DRIVERS.LicenseNumber', 'to': 'DRIVERS.Birthdate', 'label': 'fp'}, {'from': 'DRIVE.LicenseNumber', 'to': 'DRIVE.Plate', 'label': 'fp'}, {'from': 'DRIVE.LicenseNumber', 'to': 'DRIVE.PickupDate', 'label': 'fp'}, {'from': 'INSURANCES.Risk', 'to': 'INSURANCES.Plate', 'label': 'fp'}, {'from': 'INSURANCES.Risk', 'to': 'INSURANCES.PickupDate', 'label': 'fp'}, {'from': 'INSURANCES.Risk', 'to': 'INSURANCES.Cost', 'label': 'fp'}, {'from': 'PAYMENTS.Plate', 'to': 'PAYMENTS.PickupDate', 'label': 'fp'}, {'from': 'PAYMENTS.Plate', 'to': 'PAYMENTS.Amount', 'label': 'fp'}, {'from': 'PAYMENTS.Plate', 'to': 'PAYMENTS.Discount', 'label': 'fp'}, {'from': 'PAYMENTS.Plate', 'to': 'PAYMENTS.PaymentMode', 'label': 'fp'}]","['cars.brand', 'cars.registrationdate', 'rentals.dropoffdate', 'insurances.risk', 'cars.fuel', 'rentaloffices.officename', 'rentaloffices.country', 'rentaloffices.area', 'rentals.miles', 'cars.category', 'rentals.pickupdate', 'cars.model', 'rentaloffices.city', 'payments.paymentmode', 'rentaloffices.state', 'cars.plate']","['drivers.birthdate', 'rentals.pickupplace', 'rentals.plate', 'drive.licensenumber', 'rentals', 'insurances.plate', 'insurances.cost', 'insurances.pickupdate', 'drivers.licensenumber', 'drive.pickupdate', 'haveoptional.plate', 'payments.amount', 'drivers.licenseexpiration', 'haveoptional.optional', 'drivers.drivername', 'rentals.dropoffplace', 'drive.plate', 'payments.plate', 'payments.pickupdate', 'payments.discount']","['payments.amount', 'insurances', 'insurances.cost', 'rentals.pickupdate,rentals.plate', 'payments.discount']",5,16,21,0.1923,0.2381,0.2128,16,5,20,0.4444,0.7619,0.5614,0,16,21,3,0,True,8,1,0,1,0,7,False
exercise-7,sql,rq3-dec,7,2025-07-24T05-13-50,1,272.9907,mistral-7B-inst-v0.3-hf,mistral-7-inst,,,0.2,,,,0.9,,RENTALS,['RENTALS.Miles'],"[{'from': 'RENTALOFFICES.OfficeName', 'to': 'RENTALOFFICES.City', 'label': 'tp'}, {'from': 'RENTALOFFICES.OfficeName', 'to': 'RENTALOFFICES.Area', 'label': 'fp'}, {'from': 'RENTALOFFICES.OfficeName', 'to': 'RENTALOFFICES.State', 'label': 'fp'}, {'from': 'RENTALOFFICES.OfficeName', 'to': 'RENTALOFFICES.Country', 'label': 'fp'}, {'from': 'CARS.Plate', 'to': 'CARS.Category', 'label': 'tp'}, {'from': 'CARS.Plate', 'to': 'CARS.Model', 'label': 'tp'}, {'from': 'CARS.Plate', 'to': 'CARS.Brand', 'label': 'fp'}, {'from': 'CARS.Plate', 'to': 'CARS.Fuel', 'label': 'tp'}, {'from': 'CARS.Plate', 'to': 'CARS.RegistrationDate', 'label': 'tp'}, {'from': 'RENTALOFFICES.OfficeName', 'to': 'RENTALS.PickupPlace', 'label': 'fp'}, {'from': 'RENTALOFFICES.OfficeName', 'to': 'RENTALS.DropoffPlace', 'label': 'fp'}, {'from': 'RENTALS.Plate', 'to': 'HAVEOPTIONAL.Optional', 'label': 'fp'}, {'from': 'RENTALS.Plate', 'to': 'RENTALS.PickupDate', 'label': 'fp'}, {'from': 'RENTALS.Plate', 'to': 'RENTALS.DropoffDate', 'label': 'fp'}, {'from': 'DRIVERS.LicenseNumber', 'to': 'DRIVERS.LicenseExpiration', 'label': 'fp'}, {'from': 'DRIVERS.LicenseNumber', 'to': 'DRIVERS.DriverName', 'label': 'fp'}, {'from': 'DRIVERS.LicenseNumber', 'to': 'DRIVERS.Birthdate', 'label': 'fp'}, {'from': 'DRIVE.LicenseNumber', 'to': 'DRIVE.Plate', 'label': 'fp'}, {'from': 'DRIVE.LicenseNumber', 'to': 'DRIVE.PickupDate', 'label': 'fp'}, {'from': 'INSURANCES.Risk', 'to': 'INSURANCES.Plate', 'label': 'fp'}, {'from': 'INSURANCES.Risk', 'to': 'INSURANCES.PickupDate', 'label': 'fp'}, {'from': 'INSURANCES.Risk', 'to': 'INSURANCES.Cost', 'label': 'fp'}, {'from': 'PAYMENTS.Plate', 'to': 'PAYMENTS.PickupDate', 'label': 'fp'}, {'from': 'PAYMENTS.Plate', 'to': 'PAYMENTS.Amount', 'label': 'fp'}, {'from': 'PAYMENTS.Plate', 'to': 'PAYMENTS.Discount', 'label': 'fp'}, {'from': 'PAYMENTS.Plate', 'to': 'PAYMENTS.PaymentMode', 'label': 'fp'}]","['cars.brand', 'cars.registrationdate', 'rentals.dropoffdate', 'insurances.risk', 'cars.fuel', 'rentaloffices.officename', 'rentaloffices.country', 'rentaloffices.area', 'rentals.miles', 'cars.category', 'rentals.pickupdate', 'cars.model', 'rentaloffices.city', 'payments.paymentmode', 'rentaloffices.state', 'cars.plate']","['drivers.birthdate', 'rentals.pickupplace', 'rentals.plate', 'drive.licensenumber', 'rentals', 'insurances.plate', 'insurances.cost', 'insurances.pickupdate', 'drivers.licensenumber', 'drive.pickupdate', 'payments.amount', 'drivers.licenseexpiration', 'haveoptional.optional', 'drivers.drivername', 'rentals.dropoffplace', 'drive.plate', 'payments.plate', 'payments.pickupdate', 'payments.discount']","['payments.amount', 'insurances', 'insurances.cost', 'rentals.pickupdate,rentals.plate', 'payments.discount']",5,16,21,0.1923,0.2381,0.2128,16,5,19,0.4571,0.7619,0.5714,0,16,21,3,0,True,7,1,0,1,0,6,False
exercise-9,sql,rq3-dec,9,2025-07-24T06-37-09,1,290.8470,mistral-7B-inst-v0.3-hf,mistral-7-inst,,,0.2,,,,0.9,,ROUTESINTICKETS,['TICKETS.TotalPrice'],"[{'from': 'CUSTOMERS.CustomerCode', 'to': 'CUSTOMERS.Name', 'label': 'tp'}, {'from': 'CUSTOMERS.CustomerCode', 'to': 'CUSTOMERS.Surname', 'label': 'tp'}, {'from': 'CUSTOMERS.CustomerCode', 'to': 'CUSTOMERS.DocumentId', 'label': 'tp'}, {'from': 'CUSTOMERS.CustomerCode', 'to': 'CUSTOMERS.BirthDate', 'label': 'tp'}, {'from': 'CUSTOMERS.CustomerCode', 'to': 'CUSTOMERS.BirthCity', 'label': 'tp'}, {'from': 'TICKETS.TicketCode', 'to': 'TICKETS.PurchaseDate', 'label': 'tp'}, {'from': 'TICKETS.TicketCode', 'to': 'TICKETS.TotalPrice', 'label': 'fp'}, {'from': 'TRAINTYPE.TrainTypeCode', 'to': 'TRAINTYPE.TrainType', 'label': 'tp'}, {'from': 'TRAINTYPE.TrainTypeCode', 'to': 'TRAINTYPE.Capacity', 'label': 'fp'}, {'from': 'STATIONS.StationCode', 'to': 'STATIONS.Name', 'label': 'tp'}, {'from': 'STATIONS.StationCode', 'to': 'STATIONS.Location', 'label': 'tp'}, {'from': 'STATIONS.StationCode', 'to': 'STATIONS.City', 'label': 'fp'}, {'from': 'STATIONS.StationCode', 'to': 'STATIONS.Region', 'label': 'fp'}, {'from': 'TRAINS.TrainCode', 'to': 'TRAINS.TrainTypeCode', 'label': 'fp'}, {'from': 'TRIPS.TrainCode', 'to': 'TRIPS.Date', 'label': 'fp'}, {'from': 'TRIPS.TrainCode', 'to': 'TRIPS.Status', 'label': 'fp'}, {'from': 'ROUTES.RouteCode', 'to': 'ROUTES.DepartureStationCode', 'label': 'fp'}, {'from': 'ROUTES.RouteCode', 'to': 'ROUTES.ArrivalStationCode', 'label': 'fp'}, {'from': 'ROUTES.RouteCode', 'to': 'ROUTES.DistanceKm', 'label': 'fp'}, {'from': 'ROUTES.RouteCode', 'to': 'ROUTES.Duration', 'label': 'fp'}, {'from': 'ROUTES.RouteCode', 'to': 'ROUTES.Fare', 'label': 'fp'}, {'from': 'ROUTESINTRIPS.TrainCode', 'to': 'ROUTESINTRIPS.Date', 'label': 'fp'}, {'from': 'ROUTESINTRIPS.TrainCode', 'to': 'ROUTESINTRIPS.RouteCode', 'label': 'fp'}, {'from': 'ROUTESINTRIPS.TrainCode,ROUTESINTRIPS.Date,ROUTESINTRIPS.RouteCode', 'to': 'ROUTESINTICKETS.TicketCode', 'label': 'fp'}, {'from': 'ROUTESINTICKETS.TicketCode,ROUTESINTICKETS.TrainCode,ROUTESINTICKETS.Date,ROUTESINTICKETS.RouteCode', 'to': 'ROUTESINTICKETS.Price', 'label': 'fp'}]","['tickets.ticketcode', 'customers.documentid', 'stations.name', 'stations.city', 'routesintickets', 'stations.stationcode', 'trips.status', 'traintype.traintypecode', 'customers.customercode', 'traintype.traintype', 'customers.surname', 'tickets.purchasedate', 'customers.birthdate', 'customers.name', 'stations.region', 'trips.date', 'trains.traincode', 'routesintrips.traincode,routesintrips.routecode,routesintrips.date', 'routes.routecode', 'tickets.totalprice', 'customers.birthcity', 'stations.location']","['routesintrips.traincode', 'routesintrips.routecode', 'traintype.capacity', 'routes.fare', 'trips.traincode', 'routes.duration', 'routesintickets.ticketcode,routesintickets.traincode,routesintickets.routecode,routesintickets.date', 'trains.traintypecode', 'routes.distancekm', 'routes.departurestationcode', 'routesintickets.price', 'routesintrips.date', 'routesintickets.ticketcode', 'routes.arrivalstationcode']","['traintype.capacity', 'routes.fare', 'routes.duration', 'routes.distancekm', 'routesintrips.sequence', 'routesintickets.price', 'trips.date,trips.traincode']",9,20,16,0.36,0.3103,0.3333,22,7,14,0.6111,0.7586,0.6769,0,20,16,5,0,False,10,1,0,1,0,9,False
exercise-9,sql,rq3-dec,9,2025-07-24T06-41-57,1,288.2797,mistral-7B-inst-v0.3-hf,mistral-7-inst,,,0.2,,,,0.9,,ROUTESINTICKETS,['TICKETS.TotalPrice'],"[{'from': 'CUSTOMERS.CustomerCode', 'to': 'CUSTOMERS.Name', 'label': 'tp'}, {'from': 'CUSTOMERS.CustomerCode', 'to': 'CUSTOMERS.Surname', 'label': 'tp'}, {'from': 'CUSTOMERS.CustomerCode', 'to': 'CUSTOMERS.DocumentId', 'label': 'tp'}, {'from': 'CUSTOMERS.CustomerCode', 'to': 'CUSTOMERS.BirthDate', 'label': 'tp'}, {'from': 'CUSTOMERS.CustomerCode', 'to': 'CUSTOMERS.BirthCity', 'label': 'tp'}, {'from': 'TICKETS.TicketCode', 'to': 'TICKETS.PurchaseDate', 'label': 'tp'}, {'from': 'TICKETS.TicketCode', 'to': 'TICKETS.TotalPrice', 'label': 'fp'}, {'from': 'TRAINTYPE.TrainTypeCode', 'to': 'TRAINTYPE.TrainType', 'label': 'tp'}, {'from': 'TRAINTYPE.TrainTypeCode', 'to': 'TRAINTYPE.Capacity', 'label': 'fp'}, {'from': 'STATIONS.StationCode', 'to': 'STATIONS.Name', 'label': 'tp'}, {'from': 'STATIONS.StationCode', 'to': 'STATIONS.Location', 'label': 'tp'}, {'from': 'STATIONS.StationCode', 'to': 'STATIONS.City', 'label': 'fp'}, {'from': 'STATIONS.StationCode', 'to': 'STATIONS.Region', 'label': 'fp'}, {'from': 'TRAINS.TrainCode', 'to': 'TRAINS.TrainTypeCode', 'label': 'fp'}, {'from': 'TRIPS.TrainCode', 'to': 'TRIPS.Date', 'label': 'fp'}, {'from': 'TRIPS.TrainCode', 'to': 'TRIPS.Status', 'label': 'fp'}, {'from': 'ROUTES.RouteCode', 'to': 'ROUTES.DepartureStationCode', 'label': 'fp'}, {'from': 'ROUTES.RouteCode', 'to': 'ROUTES.ArrivalStationCode', 'label': 'fp'}, {'from': 'ROUTES.RouteCode', 'to': 'ROUTES.DistanceKm', 'label': 'fp'}, {'from': 'ROUTES.RouteCode', 'to': 'ROUTES.Duration', 'label': 'fp'}, {'from': 'ROUTES.RouteCode', 'to': 'ROUTES.Fare', 'label': 'fp'}, {'from': 'ROUTESINTRIPS.TrainCode', 'to': 'ROUTESINTRIPS.Date', 'label': 'fp'}, {'from': 'ROUTESINTRIPS.TrainCode', 'to': 'ROUTESINTRIPS.RouteCode', 'label': 'fp'}, {'from': 'ROUTESINTRIPS.TrainCode,ROUTESINTRIPS.Date,ROUTESINTRIPS.RouteCode', 'to': 'ROUTESINTICKETS.TicketCode', 'label': 'fp'}, {'from': 'ROUTESINTICKETS.TicketCode,ROUTESINTICKETS.TrainCode,ROUTESINTICKETS.Date,ROUTESINTICKETS.RouteCode', 'to': 'ROUTESINTICKETS.Price', 'label': 'fp'}]","['tickets.ticketcode', 'customers.documentid', 'stations.name', 'stations.city', 'routesintickets', 'stations.stationcode', 'trips.status', 'traintype.traintypecode', 'customers.customercode', 'traintype.traintype', 'customers.surname', 'tickets.purchasedate', 'customers.birthdate', 'customers.name', 'stations.region', 'trips.date', 'trains.traincode', 'routesintrips.traincode,routesintrips.routecode,routesintrips.date', 'routes.routecode', 'tickets.totalprice', 'customers.birthcity', 'stations.location']","['routesintrips.traincode', 'routesintrips.routecode', 'traintype.capacity', 'routes.fare', 'trips.traincode', 'routes.duration', 'routesintickets.ticketcode,routesintickets.traincode,routesintickets.routecode,routesintickets.date', 'trains.traintypecode', 'routes.distancekm', 'routes.departurestationcode', 'routesintickets.price', 'routesintrips.date', 'routesintickets.ticketcode', 'routes.arrivalstationcode']","['traintype.capacity', 'routes.fare', 'routes.duration', 'routes.distancekm', 'routesintrips.sequence', 'routesintickets.price', 'trips.date,trips.traincode']",9,20,16,0.36,0.3103,0.3333,22,7,14,0.6111,0.7586,0.6769,0,20,16,5,0,False,10,1,0,1,0,9,False
exercise-9,sql,rq3-dec,9,2025-07-24T06-54-44,1,767.2322,mistral-7B-inst-v0.3-hf,mistral-7-inst,,,0.2,,,,0.9,,ROUTESINTICKETS,['TICKETS.TotalPrice'],"[{'from': 'CUSTOMERS.CustomerCode', 'to': 'CUSTOMERS.Name', 'label': 'tp'}, {'from': 'CUSTOMERS.CustomerCode', 'to': 'CUSTOMERS.Surname', 'label': 'tp'}, {'from': 'CUSTOMERS.CustomerCode', 'to': 'CUSTOMERS.DocumentId', 'label': 'tp'}, {'from': 'CUSTOMERS.CustomerCode', 'to': 'CUSTOMERS.BirthDate', 'label': 'tp'}, {'from': 'CUSTOMERS.CustomerCode', 'to': 'CUSTOMERS.BirthCity', 'label': 'tp'}, {'from': 'TRAINTYPE.TrainTypeCode', 'to': 'TRAINTYPE.TrainType', 'label': 'tp'}, {'from': 'TRAINTYPE.TrainTypeCode', 'to': 'TRAINTYPE.Capacity', 'label': 'fp'}, {'from': 'TRAINS.TrainCode', 'to': 'TRAINTYPE.TrainTypeCode', 'label': 'tp'}, {'from': 'TRIPS.TrainCode', 'to': 'TRIPS.Date', 'label': 'fp'}, {'from': 'TRIPS.TrainCode', 'to': 'TRIPS.Status', 'label': 'fp'}, {'from': 'STATIONS.StationCode', 'to': 'STATIONS.Name', 'label': 'tp'}, {'from': 'STATIONS.StationCode', 'to': 'STATIONS.Location', 'label': 'tp'}, {'from': 'STATIONS.StationCode', 'to': 'STATIONS.City', 'label': 'fp'}, {'from': 'STATIONS.StationCode', 'to': 'STATIONS.Region', 'label': 'fp'}, {'from': 'ROUTES.RouteCode', 'to': 'ROUTES.DepartureStationCode', 'label': 'fp'}, {'from': 'ROUTES.RouteCode', 'to': 'ROUTES.ArrivalStationCode', 'label': 'fp'}, {'from': 'ROUTES.RouteCode', 'to': 'ROUTES.DistanceKm', 'label': 'fp'}, {'from': 'ROUTES.RouteCode', 'to': 'ROUTES.Duration', 'label': 'fp'}, {'from': 'ROUTES.RouteCode', 'to': 'ROUTES.Fare', 'label': 'fp'}, {'from': 'ROUTESINTRIPS.TrainCode', 'to': 'TRIPS.TrainCode', 'label': 'fp'}, {'from': 'ROUTESINTRIPS.TrainCode', 'to': 'TRIPS.Date', 'label': 'fp'}, {'from': 'ROUTESINTRIPS.TrainCode', 'to': 'TRIPS.Status', 'label': 'fp'}, {'from': 'ROUTESINTRIPS.RouteCode', 'to': 'ROUTES.RouteCode', 'label': 'fp'}, {'from': 'ROUTESINTICKETS.TicketCode', 'to': 'TICKETS.TicketCode', 'label': 'fp'}, {'from': 'ROUTESINTICKETS.TrainCode', 'to': 'TRIPS.TrainCode', 'label': 'fp'}, {'from': 'ROUTESINTICKETS.TrainCode', 'to': 'TRIPS.Date', 'label': 'fp'}, {'from': 'ROUTESINTICKETS.RouteCode', 'to': 'ROUTES.RouteCode', 'label': 'fp'}, {'from': 'ROUTESINTICKETS.Price', 'to': 'ROUTESINTICKETS.TicketCode', 'label': 'fp'}, {'from': 'ROUTESINTICKETS.Price', 'to': 'ROUTES.Fare', 'label': 'fp'}]","['tickets.ticketcode', 'customers.documentid', 'stations.name', 'stations.city', 'routesintickets', 'stations.stationcode', 'trips.status', 'traintype.traintypecode', 'customers.customercode', 'traintype.traintype', 'customers.surname', 'customers.birthdate', 'stations.region', 'customers.name', 'trips.date', 'trains.traincode', 'routes.routecode', 'tickets.totalprice', 'customers.birthcity', 'stations.location']","['routesintrips.traincode', 'routesintrips.routecode', 'traintype.capacity', 'routes.fare', 'trips.traincode', 'routes.duration', 'routesintickets.ticketcode', 'routesintickets.routecode', 'routes.distancekm', 'routes.departurestationcode', 'routesintickets.price', 'routesintickets.traincode', 'routes.arrivalstationcode']","['traintype.capacity', 'routes.fare', 'routes.duration', 'routesintrips.traincode,routesintrips.routecode,routesintrips.date', 'routes.distancekm', 'routesintrips.sequence', 'routesintickets.price', 'tickets.purchasedate', 'trips.date,trips.traincode']",9,20,20,0.3103,0.3103,0.3103,20,9,13,0.6061,0.6897,0.6452,0,20,20,5,0,False,8,0,4,1,0,4,False
exercise-9,sql,rq3-dec,9,2025-07-24T06-59-37,1,292.4980,mistral-7B-inst-v0.3-hf,mistral-7-inst,,,0.2,,,,0.9,,ROUTESINTICKETS,['TICKETS.TotalPrice'],"[{'from': 'CUSTOMERS.CustomerCode', 'to': 'CUSTOMERS.Name', 'label': 'tp'}, {'from': 'CUSTOMERS.CustomerCode', 'to': 'CUSTOMERS.Surname', 'label': 'tp'}, {'from': 'CUSTOMERS.CustomerCode', 'to': 'CUSTOMERS.DocumentId', 'label': 'tp'}, {'from': 'CUSTOMERS.CustomerCode', 'to': 'CUSTOMERS.BirthDate', 'label': 'tp'}, {'from': 'CUSTOMERS.CustomerCode', 'to': 'CUSTOMERS.BirthCity', 'label': 'tp'}, {'from': 'TICKETS.TicketCode', 'to': 'TICKETS.PurchaseDate', 'label': 'tp'}, {'from': 'TICKETS.TicketCode', 'to': 'TICKETS.TotalPrice', 'label': 'fp'}, {'from': 'TRAINTYPE.TrainTypeCode', 'to': 'TRAINTYPE.TrainType', 'label': 'tp'}, {'from': 'TRAINTYPE.TrainTypeCode', 'to': 'TRAINTYPE.Capacity', 'label': 'fp'}, {'from': 'STATIONS.StationCode', 'to': 'STATIONS.Name', 'label': 'tp'}, {'from': 'STATIONS.StationCode', 'to': 'STATIONS.Location', 'label': 'tp'}, {'from': 'STATIONS.StationCode', 'to': 'STATIONS.City', 'label': 'fp'}, {'from': 'STATIONS.StationCode', 'to': 'STATIONS.Region', 'label': 'fp'}, {'from': 'TRAINS.TrainCode', 'to': 'TRAINS.TrainTypeCode', 'label': 'fp'}, {'from': 'TRIPS.TrainCode', 'to': 'TRIPS.Date', 'label': 'fp'}, {'from': 'TRIPS.TrainCode', 'to': 'TRIPS.Status', 'label': 'fp'}, {'from': 'ROUTES.RouteCode', 'to': 'ROUTES.DepartureStationCode', 'label': 'fp'}, {'from': 'ROUTES.RouteCode', 'to': 'ROUTES.ArrivalStationCode', 'label': 'fp'}, {'from': 'ROUTES.RouteCode', 'to': 'ROUTES.DistanceKm', 'label': 'fp'}, {'from': 'ROUTES.RouteCode', 'to': 'ROUTES.Duration', 'label': 'fp'}, {'from': 'ROUTES.RouteCode', 'to': 'ROUTES.Fare', 'label': 'fp'}, {'from': 'ROUTESINTRIPS.TrainCode', 'to': 'ROUTESINTRIPS.Date', 'label': 'fp'}, {'from': 'ROUTESINTRIPS.TrainCode', 'to': 'ROUTESINTRIPS.RouteCode', 'label': 'fp'}, {'from': 'ROUTESINTRIPS.TrainCode,ROUTESINTRIPS.Date,ROUTESINTRIPS.RouteCode', 'to': 'ROUTESINTICKETS.TicketCode', 'label': 'fp'}, {'from': 'ROUTESINTICKETS.TicketCode,ROUTESINTICKETS.TrainCode,ROUTESINTICKETS.Date,ROUTESINTICKETS.RouteCode', 'to': 'ROUTESINTICKETS.Price', 'label': 'fp'}]","['tickets.ticketcode', 'customers.documentid', 'stations.name', 'stations.city', 'routesintickets', 'stations.stationcode', 'trips.status', 'traintype.traintypecode', 'customers.customercode', 'traintype.traintype', 'customers.surname', 'tickets.purchasedate', 'customers.birthdate', 'customers.name', 'stations.region', 'trips.date', 'trains.traincode', 'routesintrips.traincode,routesintrips.routecode,routesintrips.date', 'routes.routecode', 'tickets.totalprice', 'customers.birthcity', 'stations.location']","['routesintrips.traincode', 'routesintrips.routecode', 'traintype.capacity', 'routes.fare', 'trips.traincode', 'routes.duration', 'routesintickets.ticketcode,routesintickets.traincode,routesintickets.routecode,routesintickets.date', 'trains.traintypecode', 'routes.distancekm', 'routes.departurestationcode', 'routesintickets.price', 'routesintrips.date', 'routesintickets.ticketcode', 'routes.arrivalstationcode']","['traintype.capacity', 'routes.fare', 'routes.duration', 'routes.distancekm', 'routesintrips.sequence', 'routesintickets.price', 'trips.date,trips.traincode']",9,20,16,0.36,0.3103,0.3333,22,7,14,0.6111,0.7586,0.6769,0,20,16,5,0,False,10,1,0,1,0,9,False
exercise-9,sql,rq3-dec,9,2025-07-24T07-04-27,1,289.9765,mistral-7B-inst-v0.3-hf,mistral-7-inst,,,0.2,,,,0.9,,ROUTESINTICKETS,['TICKETS.TotalPrice'],"[{'from': 'CUSTOMERS.CustomerCode', 'to': 'CUSTOMERS.Name', 'label': 'tp'}, {'from': 'CUSTOMERS.CustomerCode', 'to': 'CUSTOMERS.Surname', 'label': 'tp'}, {'from': 'CUSTOMERS.CustomerCode', 'to': 'CUSTOMERS.DocumentId', 'label': 'tp'}, {'from': 'CUSTOMERS.CustomerCode', 'to': 'CUSTOMERS.BirthDate', 'label': 'tp'}, {'from': 'CUSTOMERS.CustomerCode', 'to': 'CUSTOMERS.BirthCity', 'label': 'tp'}, {'from': 'TICKETS.TicketCode', 'to': 'TICKETS.PurchaseDate', 'label': 'tp'}, {'from': 'TICKETS.TicketCode', 'to': 'TICKETS.TotalPrice', 'label': 'fp'}, {'from': 'TRAINTYPE.TrainTypeCode', 'to': 'TRAINTYPE.TrainType', 'label': 'tp'}, {'from': 'TRAINTYPE.TrainTypeCode', 'to': 'TRAINTYPE.Capacity', 'label': 'fp'}, {'from': 'STATIONS.StationCode', 'to': 'STATIONS.Name', 'label': 'tp'}, {'from': 'STATIONS.StationCode', 'to': 'STATIONS.Location', 'label': 'tp'}, {'from': 'STATIONS.StationCode', 'to': 'STATIONS.City', 'label': 'fp'}, {'from': 'STATIONS.StationCode', 'to': 'STATIONS.Region', 'label': 'fp'}, {'from': 'TRAINS.TrainCode', 'to': 'TRAINS.TrainTypeCode', 'label': 'fp'}, {'from': 'TRIPS.TrainCode', 'to': 'TRIPS.Date', 'label': 'fp'}, {'from': 'TRIPS.TrainCode', 'to': 'TRIPS.Status', 'label': 'fp'}, {'from': 'ROUTES.RouteCode', 'to': 'ROUTES.DepartureStationCode', 'label': 'fp'}, {'from': 'ROUTES.RouteCode', 'to': 'ROUTES.ArrivalStationCode', 'label': 'fp'}, {'from': 'ROUTES.RouteCode', 'to': 'ROUTES.DistanceKm', 'label': 'fp'}, {'from': 'ROUTES.RouteCode', 'to': 'ROUTES.Duration', 'label': 'fp'}, {'from': 'ROUTES.RouteCode', 'to': 'ROUTES.Fare', 'label': 'fp'}, {'from': 'ROUTESINTRIPS.TrainCode', 'to': 'ROUTESINTRIPS.Date', 'label': 'fp'}, {'from': 'ROUTESINTRIPS.TrainCode', 'to': 'ROUTESINTRIPS.RouteCode', 'label': 'fp'}, {'from': 'ROUTESINTRIPS.TrainCode,ROUTESINTRIPS.Date,ROUTESINTRIPS.RouteCode', 'to': 'ROUTESINTICKETS.TicketCode', 'label': 'fp'}, {'from': 'ROUTESINTICKETS.TicketCode,ROUTESINTICKETS.TrainCode,ROUTESINTICKETS.Date,ROUTESINTICKETS.RouteCode', 'to': 'ROUTESINTICKETS.Price', 'label': 'fp'}]","['tickets.ticketcode', 'customers.documentid', 'stations.name', 'stations.city', 'routesintickets', 'stations.stationcode', 'trips.status', 'traintype.traintypecode', 'customers.customercode', 'traintype.traintype', 'customers.surname', 'tickets.purchasedate', 'customers.birthdate', 'customers.name', 'stations.region', 'trips.date', 'trains.traincode', 'routesintrips.traincode,routesintrips.routecode,routesintrips.date', 'routes.routecode', 'tickets.totalprice', 'customers.birthcity', 'stations.location']","['routesintrips.traincode', 'routesintrips.routecode', 'traintype.capacity', 'routes.fare', 'trips.traincode', 'routes.duration', 'routesintickets.ticketcode,routesintickets.traincode,routesintickets.routecode,routesintickets.date', 'trains.traintypecode', 'routes.distancekm', 'routes.departurestationcode', 'routesintickets.price', 'routesintrips.date', 'routesintickets.ticketcode', 'routes.arrivalstationcode']","['traintype.capacity', 'routes.fare', 'routes.duration', 'routes.distancekm', 'routesintrips.sequence', 'routesintickets.price', 'trips.date,trips.traincode']",9,20,16,0.36,0.3103,0.3333,22,7,14,0.6111,0.7586,0.6769,0,20,16,5,0,False,10,1,0,1,0,9,False
